,measurement_id,serial_number,measurement_date,input_value,output_value,unit1,deviation,tolerance,unit2,uncertainty,unit3,threshold,identifier,status,comments
0,06b3ad58-e200-427f-8547-3033641a8127,ElroyAnakiTest1,2025-04-23,12.5500,2.5000,test,12.5000,2.5000,test,12.5000,test,2.5000,testTeltoy,1.0,ttttttt
1,1,090222196208,2024-09-22,5.8000,5.7050,Nm,-1.6400,4.0000,%O.R.,0.0470,Nm,4.0000,Clockwise,1.0,2409
2,10,413543L-25,2024-09-22,5.0000,5.1730,Nm,3.4600,6.0000,%O.R.,0.0470,Nm,6.0000,Clockwise,1.0,2409
3,100,4-01,2017-01-19,12.9000,12.9000,mm,,0.0040,mm,0.0020,mm,0.0040,,1.0,1701
4,10000,ElroyAnakiTest1,2025-04-16,12.3456,98.7654,mm,0.0050,0.0020,mm,0.0010,mm,0.0100,ID987654321,1.0,No significant issues found.
5,100000,ElroyAnakiTest1,2025-04-16,12.3456,98.7654,mm,0.0050,0.0020,mm,0.0010,mm,0.0100,ID987654321,1.0,No significant issues found.
6,101,4-01,2017-01-19,22.8000,22.8000,mm,,0.0040,mm,0.0020,mm,0.0040,,1.0,1701
7,102,4-01,2017-01-19,25.0000,25.0000,mm,,0.0040,mm,0.0020,mm,0.0040,,1.0,1701
8,103,4-01,2014-10-26,,,mm,,0.0040,mm,0.0020,mm,0.0040,,1.0,1410
9,1035043d-c60b-4b6b-ac5c-19fb839ded8b,12345678,,44.0000,44.0000,fgrre,22.0000,33.0000,erwrew,22.0000,,,rewrew,1.0,rewrw
10,104,4-01,2014-10-26,5.1000,5.1000,mm,,0.0040,mm,0.0020,mm,0.0040,,1.0,1410
11,105,4-01,2014-10-26,7.7000,7.7000,mm,,0.0040,mm,0.0020,mm,0.0040,,1.0,1410
12,106,4-01,2014-10-26,12.9000,12.9010,mm,0.0010,0.0040,mm,0.0020,mm,0.0040,,1.0,1410
13,107,4-01,2014-10-26,22.8000,22.8010,mm,0.0010,0.0040,mm,0.0020,mm,0.0040,,1.0,1410
14,108,4-01,2014-10-26,25.0000,25.0000,mm,,0.0040,mm,0.0020,mm,0.0040,,1.0,1410
15,109,4-01,2013-10-15,,,mm,,0.0040,mm,0.0020,mm,0.0040,,1.0,1310
16,11,413543L,2023-04-16,25.0000,25.9480,ibf in,3.7900,6.0000,%O.R.,0.0050,ibf in,6.0000,Clockwise,1.0,2304
17,110,4-01,2013-10-15,5.1000,5.1000,mm,,0.0040,mm,0.0020,mm,0.0040,,1.0,1310
18,111,4-01,2013-10-15,7.7000,7.6990,mm,-0.0010,0.0040,mm,0.0020,mm,0.0040,,1.0,1310
19,112,4-01,2013-10-15,12.9000,12.8990,mm,-0.0010,0.0040,mm,0.0020,mm,0.0040,,1.0,1310
20,113,4-01,2013-10-15,22.8000,22.7980,mm,-0.0020,0.0040,mm,0.0020,mm,0.0040,,1.0,1310
21,114,4-01,2013-10-15,25.0000,25.0000,mm,,0.0040,mm,0.0020,mm,0.0040,,1.0,1310
22,115,4-02,2023-06-25,25.0000,25.0000,mm,,0.0040,mm,0.0020,mm,0.0040,,1.0,2306
23,116,4-02,2023-06-25,30.1000,30.1000,mm,,0.0040,mm,0.0020,mm,0.0040,,1.0,2306
24,117,4-02,2023-06-25,32.7000,32.7010,mm,0.0010,0.0040,mm,0.0020,mm,0.0040,,1.0,2306
25,118,4-02,2023-06-25,37.9000,37.9030,mm,0.0030,0.0040,mm,0.0020,mm,0.0040,,1.0,2306
26,119,4-02,2013-06-25,47.8000,47.8030,mm,0.0030,0.0040,mm,0.0020,mm,0.0040,,1.0,2306
27,12,413543L,2022-04-13,25.0000,25.5800,ibf in,2.3200,6.0000,%O.R.,0.0800,ibf in,6.0000,Clockwise,1.0,2204
28,120,4-02,2023-06-25,50.0000,50.0030,mm,0.0030,0.0040,mm,0.0020,mm,0.0040,,1.0,2306
29,121,4-02,2023-06-25,25.0000,25.0000,mm,,0.0020,mm,0.0040,mm,0.0020,Zero point setting,1.0,2306
30,122,4-02,2021-05-06,25.0000,25.0000,mm,,0.0040,mm,0.0020,mm,0.0040,,1.0,2105
31,123,4-02,2021-05-06,30.1000,30.1000,mm,,0.0040,mm,0.0020,mm,0.0040,,1.0,2105
32,124,4-02,2021-05-06,32.7000,32.7000,mm,,0.0040,mm,0.0020,mm,0.0040,,1.0,2105
33,125,4-02,2021-05-06,37.9000,37.9010,mm,0.0010,0.0040,mm,0.0020,mm,0.0040,,1.0,2105
34,126,4-02,2021-05-06,47.8000,47.8010,mm,0.0010,0.0040,mm,0.0020,mm,0.0040,,1.0,2105
35,127,4-02,2021-05-06,50.0000,50.0010,mm,0.0010,0.0040,mm,0.0020,mm,0.0040,,1.0,2105
36,128,4-02,2019-02-27,25.0000,25.0000,mm,,0.0040,mm,0.0020,mm,0.0040,,1.0,1902
37,129,4-02,2019-02-27,30.1000,30.1000,mm,,0.0040,mm,0.0020,mm,0.0040,,1.0,1902
38,13,413543L,2020-07-15,25.0000,25.5840,ibf in,2.3400,6.0000,%O.R.,0.0800,ibf in,6.0000,Clockwise,1.0,2007
39,130,4-02,2019-02-27,32.7000,32.7000,mm,,0.0040,mm,0.0020,mm,0.0040,,1.0,1902
40,131,4-02,2019-02-27,37.9000,37.9010,mm,0.0010,0.0040,mm,0.0020,mm,0.0040,,1.0,1902
41,132,4-02,2019-02-27,47.8000,47.8010,mm,0.0010,0.0040,mm,0.0020,mm,0.0040,,1.0,1902
42,133,4-02,2019-02-27,50.0000,50.0000,mm,,0.0040,mm,0.0020,mm,0.0040,,1.0,1902
43,134,4-02,2019-02-27,25.0000,25.0010,mm,0.0010,0.0020,mm,0.0040,mm,0.0020,Zero point setting,1.0,1902
44,135,4-02,2017-01-19,25.0000,25.0000,mm,,0.0040,mm,0.0020,mm,0.0040,,1.0,1701
45,136,4-02,2017-01-19,30.1000,30.1000,mm,,0.0040,mm,0.0020,mm,0.0040,,1.0,1701
46,137,4-02,2017-01-19,32.7000,32.7000,mm,,0.0040,mm,0.0020,mm,0.0040,,1.0,1701
47,138,4-02,2017-01-19,37.9000,37.9000,mm,,0.0040,mm,0.0020,mm,0.0040,,1.0,1701
48,139,4-02,2017-01-19,47.8000,47.8010,mm,0.0010,0.0040,mm,0.0020,mm,0.0040,,1.0,1701
49,14,QL984L-25,2024-09-22,0.8000,0.7570,Nm,-5.3800,6.0000,%O.R.,0.0070,Nm,6.0000,Clockwise,1.0,2409
50,140,4-02,2017-01-19,50.0000,50.0020,mm,0.0020,0.0040,mm,0.0020,mm,0.0040,,1.0,1701
51,141,4-02,2017-01-19,25.0000,25.0010,mm,0.0010,0.0020,mm,0.0040,mm,0.0020,Zero point setting,1.0,1701
52,142,4-02,2014-10-28,25.0000,25.0000,mm,,0.0040,mm,0.0020,mm,0.0040,,1.0,1410
53,143,4-02,2014-10-28,30.1000,30.1000,mm,,0.0040,mm,0.0020,mm,0.0040,,1.0,1410
54,144,4-02,2014-10-28,32.7000,32.7010,mm,0.0010,0.0040,mm,0.0020,mm,0.0040,,1.0,1410
55,145,4-02,2014-10-28,37.9000,37.9000,mm,,0.0040,mm,0.0020,mm,0.0040,,1.0,1410
56,146,4-02,2014-10-28,47.8000,47.8000,mm,,0.0040,mm,0.0020,mm,0.0040,,1.0,1410
57,147,4-02,2014-10-28,50.0000,50.0020,mm,0.0020,0.0040,mm,0.0020,mm,0.0040,,1.0,1410
58,148,4-02,2014-10-28,25.0000,25.0010,mm,0.0010,0.0020,mm,0.0040,mm,0.0020,Zero point setting,1.0,1410
59,149,4-02,2013-10-15,25.0000,25.0000,mm,,0.0040,mm,0.0020,mm,0.0040,,1.0,1310
60,15,QL984L-25,2024-09-22,3.0000,3.0100,Nm,0.3300,6.0000,%O.R.,0.0470,Nm,6.0000,Clockwise,1.0,2409
61,150,4-02,2013-10-15,30.1000,30.1000,mm,,0.0040,mm,0.0020,mm,0.0040,,1.0,1310
62,151,4-02,2013-10-15,32.7000,32.7000,mm,,0.0040,mm,0.0020,mm,0.0040,,1.0,1310
63,152,4-02,2013-10-15,37.9000,37.9000,mm,,0.0040,mm,0.0020,mm,0.0040,,1.0,1310
64,153,4-02,2013-10-15,47.8000,47.8010,mm,0.0010,0.0040,mm,0.0020,mm,0.0040,,1.0,1310
65,154,4-02,2013-10-15,50.0000,50.0010,mm,0.0010,0.0040,mm,0.0020,mm,0.0040,,1.0,1310
66,155,4-02,2013-10-15,25.0000,25.0000,mm,,0.0020,mm,0.0040,mm,0.0020,Zero point setting,1.0,1310
67,156,4-03,2023-06-25,50.0000,50.0000,mm,,0.0050,mm,0.0020,mm,0.0050,,1.0,2306
68,157,4-03,2023-06-25,55.1000,55.1000,mm,,0.0050,mm,0.0020,mm,0.0050,,1.0,2306
69,158,4-03,2023-06-25,57.7000,57.7000,mm,,0.0050,mm,0.0020,mm,0.0050,,1.0,2306
70,159,4-03,2023-06-25,62.9000,62.8990,mm,-0.0010,0.0050,mm,0.0020,mm,0.0050,,1.0,2306
71,16,QL984L-25,2024-09-22,5.0000,5.1730,Nm,3.4600,6.0000,%O.R.,0.0470,Nm,6.0000,Clockwise,1.0,2409
72,160,4-03,2023-06-25,72.8000,72.7980,mm,-0.0020,0.0050,mm,0.0020,mm,0.0050,,1.0,2306
73,161,4-03,2023-06-25,75.0000,74.9980,mm,-0.0020,0.0050,mm,0.0020,mm,0.0050,,1.0,2306
74,162,4-03,2023-06-25,50.0000,50.0000,mm,,0.0020,mm,0.0040,mm,0.0020,Zero point setting,1.0,2306
75,163,4-03,2021-05-06,50.0000,50.0000,mm,,0.0050,mm,0.0020,mm,0.0050,,1.0,2105
76,164,4-03,2021-05-06,55.1000,55.1000,mm,,0.0050,mm,0.0020,mm,0.0050,,1.0,2105
77,165,4-03,2021-05-06,57.7000,57.6990,mm,-0.0010,0.0050,mm,0.0020,mm,0.0050,,1.0,2105
78,166,4-03,2021-05-06,62.9000,62.8980,mm,-0.0020,0.0050,mm,0.0020,mm,0.0050,,1.0,2105
79,167,4-03,2021-05-06,72.8000,72.7990,mm,-0.0010,0.0050,mm,0.0020,mm,0.0050,,1.0,2105
80,168,4-03,2021-05-06,75.0000,74.9990,mm,-0.0010,0.0050,mm,0.0020,mm,0.0050,,1.0,2105
81,169,4-03,2014-10-21,50.0000,50.0000,mm,,0.0050,mm,0.0020,mm,0.0050,,1.0,1410
82,17,QL984L,2023-04-16,1.0000,0.9450,Nm,-5.5000,6.0000,%O.R.,0.0050,Nm,6.0000,Clockwise,1.0,2304
83,170,4-03,2014-10-21,55.1000,55.1000,mm,,0.0050,mm,0.0020,mm,0.0050,,1.0,1410
84,171,4-03,2014-10-21,57.7000,57.7010,mm,0.0010,0.0050,mm,0.0020,mm,0.0050,,1.0,1410
85,172,4-03,2014-10-21,62.9000,62.9020,mm,0.0020,0.0050,mm,0.0020,mm,0.0050,,1.0,1410
86,173,4-03,2014-10-21,72.8000,72.8000,mm,,0.0050,mm,0.0020,mm,0.0050,,1.0,1410
87,174,4-03,2014-10-21,75.0000,75.0000,mm,,0.0050,mm,0.0020,mm,0.0050,,1.0,1410
88,175,4-03,2014-10-21,50.0000,50.0010,mm,0.0010,0.0020,mm,0.0040,mm,0.0020,Zero point setting,1.0,1410
89,176,4-03,2013-10-15,50.0000,50.0000,mm,,0.0050,mm,0.0020,mm,0.0050,,1.0,1310
90,177,4-03,2013-10-15,55.1000,55.0990,mm,-0.0010,0.0050,mm,0.0020,mm,0.0050,,1.0,1310
91,178,4-03,2013-10-15,57.7000,57.0990,mm,-0.0010,0.0050,mm,0.0020,mm,0.0050,,1.0,1310
92,179,4-03,2013-10-15,62.9000,62.9010,mm,0.0010,0.0050,mm,0.0020,mm,0.0050,,1.0,1310
93,18,QL984L,2023-04-16,3.0000,2.9800,Nm,-0.6700,6.0000,%O.R.,0.0070,Nm,6.0000,Clockwise,1.0,2304
94,180,4-03,2013-10-15,72.8000,72.7980,mm,-0.0020,0.0050,mm,0.0020,mm,0.0050,,1.0,1310
95,181,4-03,2013-10-15,75.0000,74.9990,mm,-0.0010,0.0050,mm,0.0020,mm,0.0050,,1.0,1310
96,182,4-03,2013-10-15,50.0000,50.0010,mm,0.0010,0.0020,mm,0.0040,mm,0.0020,Zero point setting,1.0,1310
97,183,071038904,2023-06-25,75.0000,75.0000,mm,,0.0050,mm,0.0020,mm,0.0050,,1.0,2306
98,184,071038904,2023-06-25,80.1000,80.1000,mm,,0.0050,mm,0.0020,mm,0.0050,,1.0,2306
99,185,071038904,2023-06-25,82.7000,82.7000,mm,,0.0050,mm,0.0020,mm,0.0050,,1.0,2306
100,186,071038904,2023-06-25,87.9000,87.9000,mm,,0.0050,mm,0.0020,mm,0.0050,,1.0,2306
101,187,071038904,2023-06-25,97.8000,97.8010,mm,0.0010,0.0050,mm,0.0020,mm,0.0050,,1.0,2306
102,188,071038904,2023-06-25,100.0000,100.0020,mm,0.0020,0.0050,mm,0.0020,mm,0.0050,,1.0,2306
103,189,071038904,2023-06-25,75.0000,74.9990,mm,-0.0010,0.0020,mm,0.0040,mm,0.0020,Zero point setting,1.0,2306
104,19,QL984L,2023-04-16,5.0000,5.1790,Nm,3.5800,6.0000,%O.R.,0.0070,Nm,6.0000,Clockwise,1.0,2304
105,190,071038904,2021-05-06,75.0000,75.0000,mm,,0.0050,mm,0.0020,mm,0.0050,,1.0,2105
106,191,071038904,2021-05-06,80.1000,80.1000,mm,,0.0050,mm,0.0020,mm,0.0050,,1.0,2105
107,192,071038904,2021-05-06,82.7000,82.6990,mm,-0.0010,0.0050,mm,0.0020,mm,0.0050,,1.0,2105
108,193,071038904,2021-05-06,87.9000,87.9000,mm,,0.0050,mm,0.0020,mm,0.0050,,1.0,2105
109,194,071038904,2021-05-06,97.8000,97.7990,mm,-0.0010,0.0050,mm,0.0020,mm,0.0050,,1.0,2105
110,195,071038904,2021-05-06,100.0000,99.9980,mm,-0.0020,0.0050,mm,0.0020,mm,0.0050,,1.0,2105
111,196,071038904,2019-02-27,75.0000,75.0000,mm,,0.0050,mm,0.0020,mm,0.0050,,1.0,1902
112,197,071038904,2019-02-27,80.1000,80.1000,mm,,0.0050,mm,0.0020,mm,0.0050,,1.0,1902
113,198,071038904,2019-02-27,82.7000,82.7010,mm,0.0010,0.0050,mm,0.0020,mm,0.0050,,1.0,1902
114,199,071038904,2019-02-27,87.9000,87.9010,mm,0.0010,0.0050,mm,0.0020,mm,0.0050,,1.0,1902
115,2,090222196208,2021-08-31,5.0000,4.9800,Nm,-0.4000,4.0000,%O.R.,0.0090,Nm,4.0000,Clockwise,1.0,2108
116,20,QL984L,2020-07-15,25.0000,24.1500,lbf in,-3.4000,6.0000,%O.R.,0.0800,lbf in,6.0000,Clockwise,1.0,2004
117,200,071038904,2019-02-27,97.8000,97.8000,mm,,0.0050,mm,0.0020,mm,0.0050,,1.0,1902
118,201,071038904,2019-02-27,100.0000,100.0010,mm,0.0010,0.0050,mm,0.0020,mm,0.0050,,1.0,1902
119,202,071038904,2019-02-27,75.0000,75.0010,mm,0.0010,0.0020,mm,0.0040,mm,0.0020,Zero point setting,1.0,1902
120,203,071038904,2017-01-18,75.0000,75.0000,mm,,0.0050,mm,0.0020,mm,0.0050,,1.0,1701
121,204,071038904,2017-01-18,80.1000,80.0990,mm,-0.0010,0.0050,mm,0.0020,mm,0.0050,,1.0,1701
122,205,071038904,2017-01-18,82.7000,82.6990,mm,-0.0010,0.0050,mm,0.0020,mm,0.0050,,1.0,1701
123,206,071038904,2017-01-18,87.9000,87.9000,mm,,0.0050,mm,0.0020,mm,0.0050,,1.0,1701
124,207,071038904,2017-01-18,97.8000,97.8010,mm,0.0010,0.0050,mm,0.0020,mm,0.0050,,1.0,1701
125,208,071038904,2017-01-18,100.0000,100.0010,mm,0.0010,0.0050,mm,0.0020,mm,0.0050,,1.0,1701
126,209,071038904,2017-01-18,75.0000,75.0010,mm,0.0010,0.0020,mm,0.0040,mm,0.0020,Zero point setting,1.0,1701
127,21,422938L,2024-09-22,4.0000,3.8600,lbf in,-3.5000,6.0000,%O.R.,0.0440,lbf in,6.0000,Clockwise,1.0,2409
128,210,071038904,2014-10-22,75.0000,75.0000,mm,,0.0050,mm,0.0020,mm,0.0050,,1.0,1410
129,211,071038904,2014-10-22,80.1000,80.1000,mm,,0.0050,mm,0.0020,mm,0.0050,,1.0,1410
130,212,071038904,2014-10-22,82.7000,82.7010,mm,0.0010,0.0050,mm,0.0020,mm,0.0050,,1.0,1410
131,213,071038904,2014-10-22,87.9000,87.9010,mm,0.0010,0.0050,mm,0.0020,mm,0.0050,,1.0,1410
132,214,071038904,2014-10-22,97.8000,97.8020,mm,0.0020,0.0050,mm,0.0020,mm,0.0050,,1.0,1410
133,215,071038904,2014-10-22,100.0000,100.0020,mm,0.0020,0.0050,mm,0.0020,mm,0.0050,,1.0,1410
134,216,071038904,2014-10-22,75.0000,75.0010,mm,0.0010,0.0020,mm,0.0040,mm,0.0020,Zero point setting,1.0,1410
135,217,071038904,2013-10-08,75.0000,75.0000,mm,,0.0050,mm,0.0020,mm,0.0050,,1.0,1310
136,218,071038904,2013-10-08,80.1000,80.0990,mm,-0.0010,0.0050,mm,0.0020,mm,0.0050,,1.0,1310
137,219,071038904,2013-10-08,82.7000,82.6990,mm,-0.0010,0.0050,mm,0.0020,mm,0.0050,,1.0,1310
138,22,422938L,2023-04-16,4.0000,4.0940,lbf in,2.3500,6.0000,%O.R.,0.0050,lbf in,6.0000,Clockwise,1.0,2304
139,220,071038904,2013-10-08,87.9000,87.9010,mm,0.0010,0.0050,mm,0.0020,mm,0.0050,,1.0,1310
140,221,071038904,2013-10-08,97.8000,97.7980,mm,-0.0020,0.0050,mm,0.0020,mm,0.0050,,1.0,1310
141,222,071038904,2013-10-08,100.0000,99.9990,mm,-0.0010,0.0050,mm,0.0020,mm,0.0050,,1.0,1310
142,223,071038904,2013-10-08,75.0000,75.0010,mm,0.0010,0.0020,mm,0.0040,mm,0.0020,Zero point setting,1.0,1310
143,224,AA15571,2024-09-23,25.0000,25.0010,mm,0.0010,0.0040,mm,0.0028,mm,0.0040,,1.0,2409
144,225,AA15571,2024-09-23,30.0020,30.0020,mm,,0.0040,mm,0.0028,mm,0.0040,,1.0,2409
145,226,AA15571,2024-09-23,35.0090,35.0090,mm,,0.0040,mm,0.0028,mm,0.0040,,1.0,2409
146,227,AA15571,2025-06-25,25.0000,25.0000,mm,,0.0040,mm,0.0028,mm,0.0040,,1.0,2306
147,228,AA15571,2025-06-25,30.0020,30.0010,mm,-0.0010,0.0040,mm,0.0028,mm,0.0040,,1.0,2306
148,229,AA15571,2025-06-25,35.0090,35.0060,mm,-0.0030,0.0040,mm,0.0028,mm,0.0040,,1.0,2306
149,23,422938L,2022-04-13,4.0000,4.2300,lbf in,5.7500,6.0000,%O.R.,0.6000,lbf in,6.0000,Clockwise,1.0,2204
150,230,AA15571,2022-06-29,25.0000,24.9990,mm,-0.0010,0.0040,mm,0.0028,mm,0.0040,,1.0,2206
151,231,AA15571,2022-06-29,30.0020,30.0000,mm,-0.0020,0.0040,mm,0.0028,mm,0.0040,,1.0,2206
152,232,AA15571,2022-06-29,35.0090,35.0050,mm,-0.0030,0.0040,mm,0.0028,mm,0.0040,,1.0,2206
153,233,AA00798,2024-09-23,35.0090,35.0070,mm,-0.0020,0.0040,mm,0.0028,mm,0.0040,,1.0,2409
154,234,AA00798,2024-09-23,40.0050,40.0050,mm,,0.0040,mm,0.0028,mm,0.0040,,1.0,2409
155,235,AA00798,2024-09-23,50.0030,50.0030,mm,0.0050,0.0050,mm,0.0028,mm,0.0050,,1.0,2409
156,236,AA00798,2023-06-25,35.0090,35.0070,mm,-0.0020,0.0040,mm,0.0028,mm,0.0040,,1.0,2306
157,237,AA00798,2023-06-25,40.0050,40.0050,mm,,0.0040,mm,0.0028,mm,0.0040,,1.0,2306
158,238,AA00798,2023-06-25,50.0030,50.0080,mm,0.0050,0.0050,mm,0.0028,mm,0.0050,,1.0,2306
159,239,AA00798,2022-06-29,35.0090,35.0080,mm,,0.0040,mm,0.0028,mm,0.0040,,1.0,2206
160,24,422938L,2020-07-15,4.0000,4.1200,lbf in,3.0000,6.0000,%O.R.,0.6020,lbf in,6.0000,Clockwise,1.0,2007
161,240,AA00798,2022-06-29,43.0100,43.0110,mm,0.0010,0.0040,mm,0.0028,mm,0.0040,,1.0,2206
162,241,AA00798,2022-06-29,50.0030,50.0050,mm,0.0020,0.0050,mm,0.0028,mm,0.0050,,1.0,2206
163,242,RAB87U-28,2024-09-22,0.8000,0.7540,Nm,-5.7500,6.0000,%O.R.,0.0070,Nm,6.0000,Clockwise,1.0,2409
164,243,RAB87U-28,2024-09-22,3.0000,2.9110,Nm,-2.9700,6.0000,%O.R.,0.0470,Nm,6.0000,Clockwise,1.0,2409
165,244,RAB87U-28,2024-09-22,5.0000,5.2080,Nm,4.1600,6.0000,%O.R.,0.0470,Nm,6.0000,Clockwise,1.0,2409
166,245,RAB87U-28,2023-04-16,1.0000,0.9450,Nm,-5.5000,6.0000,%O.R.,0.0050,Nm,6.0000,Clockwise,1.0,2304
167,246,RAB87U-28,2023-04-16,3.0000,3.0110,Nm,0.3700,6.0000,%O.R.,0.0070,Nm,6.0000,Clockwise,1.0,2304
168,247,RAB87U-28,2023-04-16,5.0000,5.2310,Nm,4.6200,6.0000,%O.R.,0.0070,Nm,6.0000,Clockwise,1.0,2304
169,248,RAB87U-28,2022-04-13,3.2000,3.2400,Nm,1.2500,6.0000,%O.R.,0.0090,Nm,6.0000,Clockwise,1.0,2204
170,249,RAB87U-28,2020-07-15,28.0000,27.9800,ibf in,-0.0700,6.0000,%O.R.,0.0800,ibf in,6.0000,,1.0,2007
171,25,RA6FET-4,2024-09-22,0.4000,0.3810,Nm,-4.7500,6.0000,%O.R.,0.0050,Nm,6.0000,Clockwise,1.0,2409
172,250,6-31,2024-08-21,10.0000,10.0000,mm,,0.0200,mm,0.0015,mm,0.0200,,1.0,2408
173,251,6-31,2024-08-21,15.0000,15.0100,mm,0.0100,0.0200,mm,0.0015,mm,0.0200,,1.0,2408
174,252,6-31,2024-08-21,20.0000,20.0100,mm,0.0100,0.0200,mm,0.0015,mm,0.0200,,1.0,2408
175,253,6-31,2024-08-21,25.0000,25.0100,mm,0.0100,0.0200,mm,0.0015,mm,0.0200,,1.0,2408
176,254,6-31,2024-08-21,30.0000,30.0100,mm,0.0100,0.0200,mm,0.0015,mm,0.0200,,1.0,2408
177,255,6-31,2022-06-30,10.0000,10.0000,mm,,0.0200,mm,0.0015,mm,0.0200,,1.0,2206
178,256,6-31,2022-06-30,15.0000,15.0000,mm,,0.0200,mm,0.0015,mm,0.0200,,1.0,2206
179,257,6-31,2022-06-30,20.0000,20.0100,mm,0.0100,0.0200,mm,0.0015,mm,0.0200,,1.0,2206
180,258,6-31,2022-06-30,25.0000,25.0100,mm,0.0100,0.0200,mm,0.0015,mm,0.0200,,1.0,2206
181,259,6-31,2022-06-30,30.0000,30.0100,mm,0.0100,0.0200,mm,0.0015,mm,0.0200,,1.0,2206
182,26,RA6FET-4,2024-09-22,0.7000,0.6720,Nm,-4.0000,6.0000,%O.R.,0.0050,Nm,6.0000,Clockwise,1.0,2409
183,260,6-31,2020-07-29,10.0000,10.0000,mm,,0.0200,mm,0.0015,mm,0.0200,,1.0,2007
184,261,6-31,2020-07-29,15.0000,15.0000,mm,,0.0200,mm,0.0015,mm,0.0200,,1.0,2007
185,262,6-31,2020-07-29,20.0000,20.0100,mm,0.0100,0.0200,mm,0.0015,mm,0.0200,,1.0,2007
186,263,6-31,2020-07-29,25.0000,25.0100,mm,0.0100,0.0200,mm,0.0015,mm,0.0200,,1.0,2007
187,264,6-31,2020-07-29,30.0000,30.0000,mm,,0.0200,mm,0.0015,mm,0.0200,,1.0,2007
188,265,6-31,2018-06-12,10.0000,10.0000,mm,,0.0200,mm,0.0150,mm,0.0200,,1.0,1806
189,266,6-31,2018-06-12,15.0000,15.0000,mm,,0.0200,mm,0.0150,mm,0.0200,,1.0,1806
190,267,6-31,2018-06-12,20.0000,20.0100,mm,0.0100,0.0200,mm,0.0150,mm,0.0200,,1.0,1806
191,268,6-31,2018-06-12,25.0000,25.0100,mm,0.0100,0.0200,mm,0.0150,mm,0.0200,,1.0,1806
192,269,6-31,2018-06-12,30.0000,30.0000,mm,,0.0200,mm,0.0150,mm,0.0200,,1.0,1806
193,27,RA6FET-4,2024-09-22,1.0000,0.9840,Nm,-1.6000,6.0000,%O.R.,0.0070,Nm,6.0000,Clockwise,1.0,2409
194,270,6-31,2017-06-28,10.0000,10.0000,mm,,0.0200,mm,0.0150,mm,0.0200,,1.0,1706
195,271,6-31,2017-06-28,15.0000,15.0000,mm,,0.0200,mm,0.0150,mm,0.0200,,1.0,1706
196,272,6-31,2017-06-28,20.0000,20.0100,mm,0.0100,0.0200,mm,0.0150,mm,0.0200,,1.0,1706
197,273,6-31,2017-06-28,25.0000,25.0100,mm,0.0100,0.0200,mm,0.0150,mm,0.0200,,1.0,1706
198,274,6-31,2017-06-28,30.0000,30.0100,mm,0.0100,0.0200,mm,0.0150,mm,0.0200,,1.0,1706
199,275,6-31,2016-06-22,10.0000,10.0000,mm,,0.0200,mm,0.0150,mm,0.0200,,1.0,1606
200,276,6-31,2016-06-22,16.0000,16.0000,mm,,0.0200,mm,0.0150,mm,0.0200,,1.0,1606
201,277,6-31,2016-06-22,20.0000,20.0000,mm,,0.0200,mm,0.0150,mm,0.0200,,1.0,1606
202,278,6-31,2016-06-22,25.0000,25.0100,mm,0.0100,0.0200,mm,0.0150,mm,0.0200,,1.0,1606
203,279,6-31,2016-06-22,30.0000,30.0000,mm,,0.0200,mm,0.0150,mm,0.0200,,1.0,1606
204,28,RA6FET-4,2023-04-16,0.4000,0.3800,Nm,-5.0000,6.0000,%O.R.,0.0050,Nm,6.0000,Clockwise,1.0,2304
205,280,6-31,2015-07-07,10.0000,10.0000,mm,,0.0200,mm,0.0150,mm,0.0200,,1.0,1507
206,281,6-31,2015-07-07,16.0000,16.0100,mm,0.0100,0.0200,mm,0.0150,mm,0.0200,,1.0,1507
207,282,6-31,2015-07-07,20.0000,20.0000,mm,,0.0200,mm,0.0150,mm,0.0200,,1.0,1507
208,283,6-31,2015-07-07,25.0000,24.9900,mm,-0.0100,0.0200,mm,0.0150,mm,0.0200,,1.0,1507
209,284,6-31,2015-07-07,30.0000,29.9900,mm,-0.0100,0.0200,mm,0.0150,mm,0.0200,,1.0,1507
210,285,6-30,2024-08-21,5.0000,5.0000,mm,,0.0200,mm,0.0015,mm,0.0200,,1.0,2408
211,286,6-30,2024-08-21,8.0000,8.0100,mm,0.0100,0.0200,mm,0.0015,mm,0.0200,,1.0,2408
212,287,6-30,2024-08-21,10.0000,10.0100,mm,0.0100,0.0200,mm,0.0015,mm,0.0200,,1.0,2408
213,288,6-30,2024-08-21,12.0000,12.0100,mm,0.0100,0.0200,mm,0.0015,mm,0.0200,,1.0,2408
214,289,6-30,2024-08-21,15.0000,15.0200,mm,0.0200,0.0200,mm,0.0015,mm,0.0200,,1.0,2408
215,2896eddc-7011-44ea-ad4c-1c72d0ccc3e0,12345678,,44.0000,44.0000,fgrre,22.0000,33.0000,erwrew,22.0000,,,rewrew,1.0,rewrw
216,29,RA6FET-4,2023-04-16,0.7000,0.6940,Nm,-0.8600,6.0000,%O.R.,0.0070,Nm,6.0000,Clockwise,1.0,2304
217,290,6-30,2022-06-22,5.0000,5.0000,mm,,0.0200,mm,0.0015,mm,0.0200,,1.0,2206
218,291,6-30,2022-06-22,8.0000,8.0000,mm,,0.0200,mm,0.0015,mm,0.0200,,1.0,2206
219,292,6-30,2022-06-22,10.0000,10.0100,mm,0.0100,0.0200,mm,0.0015,mm,0.0200,,1.0,2206
220,293,6-30,2022-06-22,12.0000,12.0200,mm,0.0200,0.0200,mm,0.0015,mm,0.0200,,1.0,2206
221,294,6-30,2022-06-22,15.0000,15.0200,mm,0.0200,0.0200,mm,0.0015,mm,0.0200,,1.0,2206
222,295,6-30,2020-07-29,5.0000,5.0000,mm,,0.0200,mm,0.0015,mm,0.0200,,1.0,2007
223,296,6-30,2020-07-29,8.0000,8.0100,mm,0.0100,0.0200,mm,0.0015,mm,0.0200,,1.0,2007
224,297,6-30,2020-07-29,10.0000,10.0200,mm,0.0200,0.0200,mm,0.0015,mm,0.0200,,1.0,2007
225,298,6-30,2020-07-29,12.0000,12.0200,mm,0.0200,0.0200,mm,0.0015,mm,0.0200,,1.0,2007
226,299,6-30,2020-07-29,15.0000,15.0200,mm,0.0200,0.0200,mm,0.0015,mm,0.0200,,1.0,2007
227,3,090222196208,2021-08-31,15.0000,15.3000,Nm,2.0000,4.0000,%O.R.,0.0090,Nm,4.0000,Clockwise,1.0,2108
228,30,RA6FET-4,2023-04-16,1.0000,0.9936,Nm,-0.6400,6.0000,%O.R.,0.0070,Nm,6.0000,Clockwise,1.0,2304
229,300,6-30,2018-07-24,5.0000,5.0000,mm,,0.0200,mm,0.0150,mm,0.0200,,1.0,1807
230,301,6-30,2018-07-24,8.0000,8.0100,mm,0.0100,0.0200,mm,0.0150,mm,0.0200,,1.0,1807
231,302,6-30,2018-07-24,10.0000,10.0100,mm,0.0100,0.0200,mm,0.0150,mm,0.0200,,1.0,1807
232,303,6-30,2018-07-24,12.0000,12.0200,mm,0.0200,0.0200,mm,0.0150,mm,0.0200,,1.0,1807
233,304,6-30,2018-07-24,15.0000,15.0200,mm,0.0200,0.0200,mm,0.0150,mm,0.0200,,1.0,1807
234,305,6-30,2016-08-07,5.0000,5.0100,mm,0.0100,0.0200,mm,0.0150,mm,0.0200,,1.0,1608
235,306,6-30,2016-08-07,8.0000,8.0200,mm,0.0200,0.0200,mm,0.0150,mm,0.0200,,1.0,1608
236,307,6-30,2016-08-07,10.0000,10.0100,mm,0.0100,0.0200,mm,0.0150,mm,0.0200,,1.0,1608
237,308,6-30,2016-08-07,12.0000,12.0100,mm,0.0100,0.0200,mm,0.0150,mm,0.0200,,1.0,1608
238,309,6-30,2016-08-07,15.0000,15.0100,mm,0.0100,0.0200,mm,0.0150,mm,0.0200,,1.0,1608
239,30f45d2b-cd03-4896-9b4f-ebffd2029c94,ElroyAnakiTest1,2025-04-23,12.5000,2.5000,test,12.5000,2.5000,test,12.5000,test,2.5000,testTeltoy,1.0,ttt
240,31,RA6FET-4,2022-04-13,0.5000,0.5160,Nm,-3.2000,6.0000,%O.R.,0.0680,Nm,6.0000,Clockwise,1.0,2204
241,310,6-30,2015-09-24,5.0000,5.0100,mm,0.0100,0.0200,mm,0.0150,mm,0.0200,,1.0,1509
242,311,6-30,2015-09-24,8.0000,8.0000,mm,,0.0200,mm,0.0150,mm,0.0200,,1.0,1509
243,312,6-30,2015-09-24,10.0000,10.0100,mm,0.0100,0.0200,mm,0.0150,mm,0.0200,,1.0,1509
244,313,6-30,2015-09-24,12.0000,12.0000,mm,,0.0200,mm,0.0150,mm,0.0200,,1.0,1509
245,314,6-30,2015-09-24,15.0000,15.0100,mm,0.0100,0.0200,mm,0.0150,mm,0.0200,,1.0,1509
246,315,6-30,2014-10-05,5.0000,5.0000,mm,,0.0200,mm,0.0150,mm,0.0200,,1.0,1410
247,316,6-30,2014-10-05,8.0000,7.9900,mm,-0.0100,0.0200,mm,0.0150,mm,0.0200,,1.0,1410
248,317,6-30,2014-10-05,10.0000,9.9900,mm,-0.0100,0.0200,mm,0.0150,mm,0.0200,,1.0,1410
249,318,6-30,2014-10-05,15.0000,15.0200,mm,0.0200,0.0200,mm,0.0150,mm,0.0200,,1.0,1410
250,319,6-30,2013-09-17,5.0000,5.0000,mm,,0.0300,mm,0.0020,mm,0.0300,,1.0,1309
251,320,6-30,2013-09-17,10.0000,10.0200,mm,0.0200,0.0300,mm,0.0020,mm,0.0300,,1.0,1309
252,321,6-30,2013-09-17,15.0000,15.0300,mm,0.0300,0.0300,mm,0.0020,mm,0.0300,,1.0,1309
253,322,79.105704,2023-06-26,-0.2000,-0.2000,mm,,0.0200,mm,0.0015,mm,0.0200,,1.0,2306
254,323,79.105704,2023-06-26,-0.1500,-0.1500,mm,,0.0200,mm,0.0015,mm,0.0200,,1.0,2306
255,324,79.105704,2023-06-26,-0.1000,-0.1000,mm,,0.0200,mm,0.0015,mm,0.0200,,1.0,2306
256,325,79.105704,2023-06-26,-0.0500,-0.0500,mm,,0.0200,mm,0.0015,mm,0.0200,,1.0,2306
257,326,79.105704,2023-06-26,,,mm,,0.0200,mm,0.0015,mm,0.0200,,1.0,2306
258,327,79.105704,2023-06-26,0.0500,0.0500,mm,,0.0200,mm,0.0020,mm,0.0200,,1.0,2306
259,328,79.105704,2023-06-26,0.1000,0.1100,mm,,0.0200,mm,0.0020,mm,0.0200,,1.0,2306
260,329,79.105704,2023-06-26,0.1500,0.1600,mm,,0.0200,mm,0.0020,mm,0.0200,,1.0,2306
261,32aaa9cd-957d-4e27-985a-fb119a4193dc,ElroyAnakiTest1,2025-04-16,12.3456,98.7654,mm,0.0050,0.0020,mm,0.0010,mm,0.0100,ID987654321,1.0,No significant issues found.
262,33,RA6FET-4,2020-07-15,4.0000,3.8510,ibf in,-3.7300,6.0000,%O.R.,0.0620,ibf in,6.0000,Clockwise,1.0,2007
263,330,79.105704,2023-06-26,0.2000,0.2100,mm,,0.0200,mm,0.0020,mm,0.0200,,1.0,2306
264,331,79.105704,2022-06-30,20.0000,20.0000,mm,,0.0200,mm,0.0015,mm,0.0200,,1.0,2206
265,332,79.105704,2022-06-30,20.0500,20.0500,mm,,0.0200,mm,0.0015,mm,0.0200,,1.0,2206
266,333,79.105704,2022-06-30,20.1000,20.1000,mm,,0.0200,mm,0.0015,mm,0.0200,,1.0,2206
267,334,79.105704,2022-06-30,20.1500,20.1600,mm,0.0100,0.0200,mm,0.0015,mm,0.0200,,1.0,2206
268,335,79.105704,2022-06-30,20.2000,20.2100,mm,0.0100,0.0200,mm,0.0015,mm,0.0200,,1.0,2206
269,336,79.105704,2022-06-22,20.0000,20.0000,mm,,0.0200,mm,0.0015,mm,0.0200,,1.0,2206
270,337,79.105704,2022-06-22,20.0500,20.0500,mm,,0.0200,mm,0.0015,mm,0.0200,,1.0,2206
271,338,79.105704,2022-06-22,20.1000,20.1000,mm,,0.0200,mm,0.0015,mm,0.0200,,1.0,2206
272,339,79.105704,2022-06-22,20.1500,20.1600,mm,0.0100,0.0200,mm,0.0015,mm,0.0200,,1.0,2206
273,34,424284L,2024-09-22,8.0000,8.1100,ibf in,1.3800,6.0000,%O.R.,0.0620,ibf in,6.0000,Clockwise,1.0,2409
274,340,79.105704,2022-06-22,20.2000,20.2100,mm,0.0100,0.0200,mm,0.0015,mm,0.0200,,1.0,2206
275,341,79.105704,2021-07-05,20.0000,20.0000,mm,,0.0200,mm,0.0015,mm,0.0200,,1.0,2107
276,342,79.105704,2021-07-05,20.0500,20.0500,mm,,0.0200,mm,0.0015,mm,0.0200,,1.0,2107
277,343,79.105704,2021-07-05,20.1000,20.1000,mm,,0.0200,mm,0.0015,mm,0.0200,,1.0,2107
278,344,79.105704,2021-07-05,20.1500,20.1500,mm,,0.0200,mm,0.0015,mm,0.0200,,1.0,2107
279,345,79.105704,2021-07-05,20.2000,20.2100,mm,0.0100,0.0200,mm,0.0015,mm,0.0200,,1.0,2107
280,346,79.105704,2020-06-21,15.0000,15.0000,mm,,0.0200,mm,0.0015,mm,0.0200,,1.0,2006
281,347,79.105704,2020-06-21,50.0000,50.0100,mm,0.0100,0.0200,mm,0.0015,mm,0.0200,,1.0,2006
282,348,79.105704,2020-06-21,80.0000,80.0100,mm,0.0100,0.0200,mm,0.0015,mm,0.0200,,1.0,2006
283,349,79.105704,2020-06-21,120.0000,120.0000,mm,,0.0200,mm,0.0015,mm,0.0200,,1.0,2006
284,35,424284L,2023-04-16,8.0000,8.0720,ibf in,0.9000,6.0000,%O.R.,0.0050,ibf in,6.0000,Clockwise,1.0,2304
285,350,79.105704,2020-06-21,150.0000,150.0100,mm,0.0100,0.0200,mm,0.0015,mm,0.0200,,1.0,2006
286,351,6-38,2024-08-21,37.0000,37.0000,mm,,0.0200,mm,0.0015,mm,0.0200,,1.0,2408
287,352,6-38,2024-08-21,37.5000,37.5000,mm,,0.0200,mm,0.0015,mm,0.0200,,1.0,2408
288,353,6-38,2024-08-21,38.0000,38.0000,mm,,0.0200,mm,0.0015,mm,0.0200,,1.0,2408
289,354,6-38,2024-08-21,38.5000,38.5100,mm,0.0100,0.0200,mm,0.0015,mm,0.0200,,1.0,2408
290,355,6-38,2024-08-21,39.0000,39.0100,mm,0.0100,0.0200,mm,0.0015,mm,0.0200,,1.0,2408
291,356,6-38,2023-06-26,37.0000,37.0000,mm,,0.0200,mm,0.0015,mm,0.0200,,1.0,2306
292,357,6-38,2023-06-26,37.5000,37.5000,mm,,0.0200,mm,0.0015,mm,0.0200,,1.0,2306
293,358,6-38,2023-06-26,38.0000,38.0000,mm,,0.0200,mm,0.0015,mm,0.0200,,1.0,2306
294,359,6-38,2023-06-26,38.5000,38.5000,mm,,0.0200,mm,0.0015,mm,0.0200,,1.0,2306
295,36,424284L,2022-04-13,8.0000,7.9900,ibf in,-0.1300,6.0000,%O.R.,0.9700,ibf in,6.0000,Clockwise,1.0,2204
296,360,6-38,2023-06-26,39.0000,39.0100,mm,0.0100,0.0200,mm,0.0015,mm,0.0200,,1.0,2306
297,361,6-38,2022-06-30,28.0000,28.0000,mm,,0.0200,mm,0.0015,mm,0.0200,,1.0,2206
298,362,6-38,2022-06-30,28.5000,28.5000,mm,,0.0200,mm,0.0015,mm,0.0200,,1.0,2206
299,363,6-38,2022-06-30,29.0000,29.0000,mm,,0.0200,mm,0.0015,mm,0.0200,,1.0,2206
300,364,6-38,2022-06-30,29.5000,29.5000,mm,,0.0200,mm,0.0015,mm,0.0200,,1.0,2206
301,365,6-38,2022-06-30,30.0000,30.0000,mm,0.0100,0.0200,mm,0.0015,mm,0.0200,,1.0,2206
302,366,6-38,2021-08-31,28.0000,28.0000,mm,,0.0200,mm,0.0015,mm,0.0200,,1.0,2108
303,367,6-38,2021-08-31,28.5000,28.5000,mm,,0.0200,mm,0.0015,mm,0.0200,,1.0,2108
304,368,6-38,2021-08-31,29.0000,29.0000,mm,,0.0200,mm,0.0015,mm,0.0200,,1.0,2108
305,369,6-38,2021-08-31,29.5000,29.5000,mm,,0.0200,mm,0.0015,mm,0.0200,,1.0,2108
306,37,424284L,2020-07-15,8.0000,8.1400,ibf in,1.7500,6.0000,%O.R.,0.9740,ibf in,6.0000,Clockwise,1.0,2007
307,370,6-38,2021-08-31,30.0000,30.0000,mm,,0.0200,mm,0.0015,mm,0.0200,,1.0,2108
308,371,6-38,2020-06-21,28.0000,28.0000,mm,,0.0200,mm,0.0015,mm,0.0200,,1.0,2006
309,372,6-38,2020-06-21,28.5000,28.5000,mm,,0.0200,mm,0.0015,mm,0.0200,,1.0,2006
310,373,6-38,2020-06-21,29.0000,29.0000,mm,,0.0200,mm,0.0015,mm,0.0200,,1.0,2006
311,374,6-38,2020-06-21,29.5000,29.5000,mm,,0.0200,mm,0.0015,mm,0.0200,,1.0,2006
312,375,6-38,2020-06-21,30.0000,30.0000,mm,,0.0200,mm,0.0015,mm,0.0200,,1.0,2006
313,376,6-38,2018-12-09,28.0000,28.0000,mm,,0.0200,mm,0.0150,mm,0.0200,,1.0,1812
314,377,6-38,2018-12-09,28.5000,28.5000,mm,,0.0200,mm,0.0150,mm,0.0200,,1.0,1812
315,378,6-38,2018-12-09,29.0000,29.0000,mm,,0.0200,mm,0.0150,mm,0.0200,,1.0,1812
316,379,6-38,2018-12-09,29.5000,29.5000,mm,,0.0200,mm,0.0150,mm,0.0200,,1.0,1812
317,38,4-05,2023-06-25,100.0000,100.0000,mm,,0.0060,mm,0.0020,mm,0.0060, ,1.0,2306
318,380,6-38,2018-12-09,30.0000,30.0000,mm,,0.0200,mm,0.0150,mm,0.0200,,1.0,1812
319,381,6-38,2017-12-06,32.8000,32.8000,mm,,0.0200,mm,0.0150,mm,0.0200,,1.0,1712
320,382,6-38,2017-12-06,32.9000,32.8900,mm,-0.0100,0.0200,mm,0.0150,mm,0.0200,,1.0,1712
321,383,6-38,2017-12-06,33.0000,33.0000,mm,,0.0200,mm,0.0150,mm,0.0200,,1.0,1712
322,384,6-38,2017-12-06,33.1000,33.0900,mm,-0.0100,0.0200,mm,0.0150,mm,0.0200,,1.0,1712
323,385,6-38,2017-12-06,33.2000,33.1900,mm,-0.0100,0.0200,mm,0.0150,mm,0.0200,,1.0,1712
324,386,6-38,2016-12-28,32.8000,32.8100,mm,0.0100,0.0200,mm,0.0150,mm,0.0200,,1.0,1612
325,387,6-38,2016-12-28,32.9000,32.8900,mm,-0.0100,0.0200,mm,0.0150,mm,0.0200,,1.0,1612
326,388,6-38,2016-12-28,33.0000,32.9900,mm,-0.0100,0.0200,mm,0.0150,mm,0.0200,,1.0,1612
327,389,6-38,2016-12-28,33.1000,33.1000,mm,,0.0200,mm,0.0150,mm,0.0200,,1.0,1612
328,39,4-05,2023-06-25,105.1000,105.1000,mm,,0.0060,mm,0.0020,mm,0.0060, ,1.0,2306
329,390,6-38,2016-12-28,33.2000,33.2100,mm,0.0100,0.0200,mm,0.0150,mm,0.0200,,1.0,1612
330,391,6-38,2015-10-19,32.8000,32.8100,mm,0.0100,0.0200,mm,0.0150,mm,0.0200,,1.0,1510
331,392,6-38,2015-10-19,32.9000,32.9000,mm,,0.0200,mm,0.0150,mm,0.0200,,1.0,1510
332,393,6-38,2015-10-19,33.0000,33.0000,mm,,0.0200,mm,0.0150,mm,0.0200,,1.0,1510
333,394,6-38,2015-10-19,33.1000,33.1100,mm,0.0100,0.0200,mm,0.0150,mm,0.0200,,1.0,1510
334,395,6-38,2015-10-19,33.2000,33.2200,mm,0.0200,0.0200,mm,0.0150,mm,0.0200,,1.0,1510
335,396,6-38,2014-11-02,31.8000,31.8100,mm,0.0100,0.0200,mm,0.0150,mm,0.0200,,1.0,1411
336,397,6-38,2014-11-02,31.9000,31.9100,mm,0.0100,0.0200,mm,0.0150,mm,0.0200,,1.0,1411
337,398,6-38,2014-11-02,32.0000,32.0000,mm,,0.0200,mm,0.0150,mm,0.0200,,1.0,1411
338,399,6-38,2014-11-02,32.1000,32.1100,mm,0.0100,0.0200,mm,0.0150,mm,0.0200,,1.0,1411
339,4,090222196208,2021-08-31,25.0000,24.7300,Nm,-1.0800,4.0000,%O.R.,0.0090,Nm,4.0000,Clockwise,1.0,2108
340,40,4-05,2023-06-25,107.7000,107.7000,mm,,0.0060,mm,0.0020,mm,0.0060, ,1.0,2306
341,400,6-38,2014-11-02,32.2000,32.2000,mm,,0.0200,mm,0.0150,mm,0.0200,,1.0,1411
342,401,6-38,2013-10-06,1.0000,1.0000,1.00,,0.0200,mm,0.0150,mm,0.0200,,1.0,1310
343,402,6-38,2013-10-06,2.0000,2.0000,2.00,,0.0200,mm,0.0150,mm,0.0200,,1.0,1310
344,403,6-38,2013-10-06,3.0000,3.0000,3.00,,0.0200,mm,0.0150,mm,0.0200,,1.0,1310
345,404,65295610,2024-08-21,,,mm,,0.0040,mm,0.0013,mm,0.0040,,1.0,2408
346,405,65295610,2024-08-21,5.1000,5.1000,mm,,0.0040,mm,0.0013,mm,0.0040,,1.0,2408
347,406,65295610,2024-08-21,7.7000,7.7000,mm,,0.0040,mm,0.0013,mm,0.0040,,1.0,2408
348,407,65295610,2024-08-21,12.9000,12.9000,mm,,0.0040,mm,0.0013,mm,0.0040,,1.0,2408
349,408,65295610,2024-08-21,22.8000,22.8010,mm,0.0010,0.0040,mm,0.0013,mm,0.0040,,1.0,2408
350,409,65295610,2024-08-21,25.0000,25.0010,mm,0.0010,0.0040,mm,0.0013,mm,0.0040,,1.0,2408
351,41,4-05,2023-06-25,112.9000,112.9000,mm,,0.0060,mm,0.0020,mm,0.0060, ,1.0,2306
352,410,65295610,2023-07-30,,,mm,,0.0040,mm,0.0013,mm,0.0040,,1.0,2307
353,411,65295610,2023-07-30,5.1000,5.0990,mm,-0.0010,0.0040,mm,0.0013,mm,0.0040,,1.0,2307
354,412,65295610,2023-07-30,7.7000,7.7000,mm,,0.0040,mm,0.0013,mm,0.0040,,1.0,2307
355,413,65295610,2023-07-30,12.9000,12.9000,mm,,0.0040,mm,0.0013,mm,0.0040,,1.0,2307
356,414,65295610,2023-07-30,22.8000,22.8010,mm,0.0010,0.0040,mm,0.0013,mm,0.0040,,1.0,2307
357,415,65295610,2023-07-30,25.0000,25.0010,mm,0.0010,0.0040,mm,0.0013,mm,0.0040,,1.0,2307
358,416,65295610,2022-07-14,,,mm,,0.0040,mm,0.0020,mm,0.0040,,1.0,2207
359,417,65295610,2022-07-14,5.1000,5.1000,mm,,0.0040,mm,0.0020,mm,0.0040,,1.0,2207
360,418,65295610,2022-07-14,7.7000,7.7000,mm,,0.0040,mm,0.0020,mm,0.0040,,1.0,2207
361,419,65295610,2022-07-14,12.9000,12.9000,mm,,0.0040,mm,0.0020,mm,0.0040,,1.0,2207
362,42,4-05,2023-06-25,122.8000,122.7990,mm,-0.0010,0.0060,mm,0.0020,mm,0.0060, ,1.0,2306
363,420,65295610,2022-07-14,22.8000,22.8000,mm,,0.0040,mm,0.0020,mm,0.0040,,1.0,2207
364,421,65295610,2022-07-14,25.0000,25.0000,mm,,0.0040,mm,0.0020,mm,0.0040,,1.0,2207
365,422,65295610,2021-07-05,,,mm,,0.0040,mm,0.0014,mm,0.0040,,1.0,2107
366,423,65295610,2021-07-05,5.1000,5.1000,mm,,0.0040,mm,0.0014,mm,0.0040,,1.0,2107
367,424,65295610,2021-07-05,7.7000,7.7010,mm,0.0010,0.0040,mm,0.0014,mm,0.0040,,1.0,2107
368,425,65295610,2021-07-05,12.9000,12.9020,mm,0.0020,0.0040,mm,0.0014,mm,0.0040,,1.0,2107
369,426,65295610,2021-07-05,22.8000,22.8010,mm,0.0010,0.0040,mm,0.0014,mm,0.0040,,1.0,2107
370,427,65295610,2021-07-05,25.0000,25.0010,mm,0.0010,0.0040,mm,0.0014,mm,0.0040,,1.0,2107
371,428,65295610,2020-06-21,,,mm,,0.0040,mm,0.0014,mm,0.0040,,1.0,2006
372,429,65295610,2020-06-21,5.1000,5.1010,mm,0.0010,0.0040,mm,0.0014,mm,0.0040,,1.0,2006
373,43,4-05,2023-06-25,125.0000,124.9980,mm,-0.0020,0.0060,mm,0.0020,mm,0.0060, ,1.0,2306
374,430,65295610,2020-06-21,7.7000,7.7010,mm,0.0010,0.0040,mm,0.0014,mm,0.0040,,1.0,2006
375,431,65295610,2020-06-21,12.9000,12.9000,mm,,0.0040,mm,0.0014,mm,0.0040,,1.0,2006
376,432,65295610,2020-06-21,22.8000,22.8020,mm,0.0020,0.0040,mm,0.0014,mm,0.0040,,1.0,2006
377,433,65295610,2020-06-21,25.0000,25.0030,mm,0.0030,0.0040,mm,0.0014,mm,0.0040,,1.0,2006
378,434,65295610,2018-12-09,,,mm,,0.0040,mm,0.0020,mm,0.0040,,1.0,1812
379,435,65295610,2018-12-09,5.1000,5.1000,mm,,0.0040,mm,0.0020,mm,0.0040,,1.0,1812
380,436,65295610,2018-12-09,7.7000,7.7010,mm,0.0010,0.0040,mm,0.0020,mm,0.0040,,1.0,1812
381,437,65295610,2018-12-09,12.9000,12.9010,mm,0.0010,0.0040,mm,0.0020,mm,0.0040,,1.0,1812
382,438,65295610,2018-12-09,22.8000,22.8010,mm,0.0020,0.0040,mm,0.0020,mm,0.0040,,1.0,1812
383,439,65295610,2018-12-09,25.0000,25.0020,mm,0.0020,0.0040,mm,0.0020,mm,0.0040,,1.0,1812
384,44,4-05,2023-06-25,100.0000,100.0000,mm,,0.0020,mm,0.0040,mm,0.0020,Zero point setting ,1.0,2306
385,440,65295610,2017-12-06,,,mm,,0.0040,mm,0.0020,mm,0.0040,,1.0,1712
386,441,65295610,2017-12-06,5.1000,5.1000,mm,,0.0040,mm,0.0020,mm,0.0040,,1.0,1712
387,442,65295610,2017-12-06,7.7000,7.7000,mm,,0.0040,mm,0.0020,mm,0.0040,,1.0,1712
388,443,65295610,2017-12-06,12.9000,12.9000,mm,,0.0040,mm,0.0020,mm,0.0040,,1.0,1712
389,444,65295610,2017-12-06,22.8000,22.8000,mm,,0.0040,mm,0.0020,mm,0.0040,,1.0,1712
390,445,65295610,2017-12-06,25.0000,25.0010,mm,0.0010,0.0040,mm,0.0020,mm,0.0040,,1.0,1712
391,446,65295610,2016-12-28,,,mm,,0.0040,mm,0.0020,mm,0.0040,,1.0,1612
392,447,65295610,2016-12-28,5.1000,5.1000,mm,,0.0040,mm,0.0020,mm,0.0040,,1.0,1612
393,448,65295610,2016-12-28,7.7000,7.7000,mm,,0.0040,mm,0.0020,mm,0.0040,,1.0,1612
394,449,65295610,2016-12-28,12.9000,12.9000,mm,,0.0040,mm,0.0020,mm,0.0040,,1.0,1612
395,45,4-05,2021-05-06,100.0000,100.0000,mm,,0.0060,mm,0.0020,mm,0.0060, ,1.0,2105
396,450,65295610,2016-12-28,22.8000,22.8000,mm,,0.0040,mm,0.0020,mm,0.0040,,1.0,1612
397,451,65295610,2016-12-28,25.0000,25.0000,mm,,0.0040,mm,0.0020,mm,0.0040,,1.0,1612
398,453,B17027690,2024-09-23,,,mm,,0.0200,mm,0.0120,mm,0.0200,External,1.0,2409
399,454,B17027690,2024-09-23,1.0000,1.0000,mm,,0.0200,mm,0.0120,mm,0.0200,External,1.0,2409
400,455,B17027690,2024-09-23,10.0000,10.0000,mm,,0.0200,mm,0.0120,mm,0.0200,External,1.0,2409
401,456,B17027690,2024-09-23,30.0000,30.0000,mm,,0.0200,mm,0.0120,mm,0.0200,External,1.0,2409
402,457,B17027690,2024-09-23,50.0000,50.0000,mm,,0.0200,mm,0.0120,mm,0.0200,External,1.0,2409
403,458,B17027690,2024-09-23,100.0000,100.0100,mm,0.0100,0.0200,mm,0.0120,mm,0.0200,External,1.0,2409
404,459,B17027690,2024-09-23,150.0000,150.0100,mm,0.0100,0.0200,mm,0.0120,mm,0.0200,External,1.0,2409
405,46,4-05,2021-05-06,105.1000,105.0000,mm,,0.0060,mm,0.0020,mm,0.0060, ,1.0,2105
406,460,B17027690,2023-07-26,,,mm,,0.0200,mm,0.0120,mm,0.0200,External,1.0,2307
407,461,B17027690,2023-07-26,1.0000,1.0000,mm,,0.0200,mm,0.0120,mm,0.0200,External,1.0,2307
408,462,B17027690,2023-07-26,10.0000,10.0000,mm,,0.0200,mm,0.0120,mm,0.0200,External,1.0,2307
409,463,B17027690,2023-07-26,30.0000,30.0000,mm,,0.0200,mm,0.0120,mm,0.0200,External,1.0,2307
410,464,B17027690,2023-07-26,50.0000,50.0000,mm,,0.0200,mm,0.0120,mm,0.0200,External,1.0,2307
411,465,B17027690,2023-07-26,100.0000,100.0000,mm,,0.0200,mm,0.0120,mm,0.0200,External,1.0,2307
412,466,B17027690,2023-07-26,150.0000,150.0000,mm,,0.0200,mm,0.0120,mm,0.0200,External,1.0,2307
413,467,B17027690,2022-07-14,,,mm,,0.0200,mm,0.0120,mm,0.0200,External,1.0,2207
414,468,B17027690,2022-07-14,1.0000,1.0000,mm,,0.0200,mm,0.0120,mm,0.0200,External,1.0,2207
415,469,B17027690,2022-07-14,10.0000,10.0000,mm,,0.0200,mm,0.0120,mm,0.0200,External,1.0,2207
416,47,4-05,2021-05-06,107.7000,107.7000,mm,,0.0060,mm,0.0020,mm,0.0060, ,1.0,2105
417,470,B17027690,2022-07-14,30.0000,30.0000,mm,,0.0200,mm,0.0120,mm,0.0200,External,1.0,2207
418,471,B17027690,2022-07-14,50.0000,50.0000,mm,,0.0200,mm,0.0120,mm,0.0200,External,1.0,2207
419,472,B17027690,2022-07-14,100.0000,100.0000,mm,,0.0200,mm,0.0120,mm,0.0200,External,1.0,2207
420,473,B17027690,2022-07-14,150.0000,150.0000,mm,,0.0200,mm,0.0120,mm,0.0200,External,1.0,2207
421,474,B17027690,2021-08-31,,,mm,,0.0200,mm,0.0120,,0.0200,External,1.0,2108
422,475,B17027690,2021-08-31,1.0000,1.0100,mm,0.0100,0.0200,mm,0.0120,,0.0200,External,1.0,2108
423,476,B17027690,2021-08-31,10.0000,10.0000,mm,,0.0200,mm,0.0120,,0.0200,External,1.0,2108
424,477,B17027690,2021-08-31,30.0000,30.0000,mm,,0.0200,mm,0.0120,,0.0200,External,1.0,2108
425,478,B17027690,2021-08-31,50.0000,50.0100,mm,0.0100,0.0200,mm,0.0120,,0.0200,External,1.0,2108
426,479,B17027690,2021-08-31,100.0000,100.0100,mm,0.0100,0.0200,mm,0.0120,,0.0200,External,1.0,2108
427,48,4-05,2021-05-06,112.9000,112.9000,mm,,0.0060,mm,0.0020,mm,0.0060, ,1.0,2105
428,480,B17027690,2021-08-31,150.0000,150.0200,mm,0.0200,0.0200,mm,0.0120,,0.0200,External,1.0,2108
429,481,B17027690,2020-06-21,1.0000,0.9900,mm,-0.0100,0.0200,mm,0.0160,mm,0.0200,External,1.0,2006
430,482,B17027690,2020-06-21,10.0000,9.9900,mm,-0.0100,0.0200,mm,0.0160,mm,0.0200,External,1.0,2006
431,483,B17027690,2020-06-21,30.0000,29.9900,mm,-0.0100,0.0200,mm,0.0160,mm,0.0200,External,1.0,2006
432,484,B17027690,2020-06-21,50.0000,50.0000,mm,,0.0200,mm,0.0160,mm,0.0200,External,1.0,2006
433,485,B17027690,2020-06-21,100.0000,100.0200,mm,0.0200,0.0200,mm,0.0160,mm,0.0200,External,1.0,2006
434,486,B17027690,2020-06-21,150.0000,150.0200,mm,0.0200,0.0200,mm,0.0160,mm,0.0200,External,1.0,2006
435,487,A17036117,2024-08-21,,,mm,,0.0200,mm,0.0120,mm,0.0200,External,1.0,2408
436,488,A17036117,2024-08-21,1.0000,1.0000,mm,,0.0200,mm,0.0120,mm,0.0200,External,1.0,2408
437,489,A17036117,2024-08-21,10.0000,10.0000,mm,,0.0200,mm,0.0120,mm,0.0200,External,1.0,2408
438,49,4-05,2021-05-06,122.8000,122.8000,mm,,0.0060,mm,0.0020,mm,0.0060, ,1.0,2105
439,490,A17036117,2024-08-21,30.0000,30.0000,mm,,0.0200,mm,0.0120,mm,0.0200,External,1.0,2408
440,491,A17036117,2024-08-21,50.0000,50.0000,mm,,0.0200,mm,0.0120,mm,0.0200,External,1.0,2408
441,492,A17036117,2024-08-21,100.0000,100.0000,mm,,0.0200,mm,0.0120,mm,0.0200,External,1.0,2408
442,493,A17036117,2024-08-21,150.0000,149.0000,mm,-0.0100,0.0200,mm,0.0120,mm,0.0200,External,1.0,2408
443,494,A17036117,2023-07-26,,,mm,,0.0200,mm,0.0120,mm,0.0200,External,1.0,2307
444,495,A17036117,2023-07-26,1.0000,1.0000,mm,,0.0200,mm,0.0120,mm,0.0200,External,1.0,2307
445,496,A17036117,2023-07-26,10.0000,10.0000,mm,,0.0200,mm,0.0120,mm,0.0200,External,1.0,2307
446,497,A17036117,2023-07-26,30.0000,30.0000,mm,,0.0200,mm,0.0120,mm,0.0200,External,1.0,2307
447,498,A17036117,2023-07-26,50.0000,50.0000,mm,,0.0200,mm,0.0120,mm,0.0200,External,1.0,2307
448,499,A17036117,2023-07-26,100.0000,100.0000,mm,,0.0200,mm,0.0120,mm,0.0200,External,1.0,2307
449,5,090222196208,2018-11-29,9.0000,8.9700,Nm,0.3300,4.0000,%O.R.,0.1800,Nm,4.0000,Clockwise,1.0,1811
450,50,4-05,2021-05-06,125.0000,125.0000,mm,,0.0060,mm,0.0020,mm,0.0060, ,1.0,2105
451,500,A17036117,2023-07-26,150.0000,150.0000,mm,,0.0200,mm,0.0120,mm,0.0200,External,1.0,2307
452,501,A17036117,2022-06-29,,,mm,,0.0200,mm,0.0120,mm,0.0200,External,1.0,2206
453,502,A17036117,2022-06-29,1.0000,1.0000,mm,,0.0200,mm,0.0120,mm,0.0200,External,1.0,2206
454,503,A17036117,2022-06-29,10.0000,10.0000,mm,,0.0200,mm,0.0120,mm,0.0200,External,1.0,2206
455,504,A17036117,2022-06-29,30.0000,30.0000,mm,,0.0200,mm,0.0120,mm,0.0200,External,1.0,2206
456,505,A17036117,2022-06-29,50.0000,50.0000,mm,,0.0200,mm,0.0120,mm,0.0200,External,1.0,2206
457,506,A17036117,2022-06-29,100.0000,99.9900,mm,-0.0100,0.0200,mm,0.0120,mm,0.0200,External,1.0,2206
458,507,A17036117,2022-06-29,150.0000,149.9900,mm,-0.0100,0.0200,mm,0.0120,mm,0.0200,External,1.0,2206
459,508,A17036117,2021-07-04,,,mm,,0.0200,mm,0.0120,mm,0.0200,External,1.0,2107
460,509,A17036117,2021-07-04,1.0000,1.0000,mm,,0.0200,mm,0.0120,mm,0.0200,External,1.0,2107
461,51,4-05,2019-02-27,100.0000,100.0000,mm,,0.0060,mm,0.0020,mm,0.0060, ,1.0,1902
462,510,A17036117,2021-07-04,10.0000,10.0000,mm,,0.0200,mm,0.0120,mm,0.0200,External,1.0,2107
463,511,A17036117,2021-07-04,30.0000,30.0000,mm,,0.0200,mm,0.0120,mm,0.0200,External,1.0,2107
464,512,A17036117,2021-07-04,50.0000,50.0100,mm,0.0100,0.0200,mm,0.0120,mm,0.0200,External,1.0,2107
465,513,A17036117,2021-07-04,100.0000,100.0000,mm,,0.0200,mm,0.0120,mm,0.0200,External,1.0,2107
466,514,A17036117,2021-07-04,150.0000,150.0000,mm,,0.0200,mm,0.0120,mm,0.0200,External,1.0,2107
467,515,A17036117,2020-06-21,1.0000,1.0000,mm,,0.0200,mm,0.0160,mm,0.0200,External,1.0,2006
468,516,A17036117,2020-06-21,10.0000,10.0000,mm,,0.0200,mm,0.0160,mm,0.0200,External,1.0,2006
469,517,A17036117,2020-06-21,30.0000,30.0500,mm,,0.0200,mm,0.0160,mm,0.0200,External,1.0,2006
470,518,A17036117,2020-06-21,50.0000,50.0100,mm,0.0100,0.0200,mm,0.0160,mm,0.0200,External,1.0,2006
471,519,A17036117,2020-06-21,100.0000,100.0100,mm,0.0100,0.0200,mm,0.0160,mm,0.0200,External,1.0,2006
472,52,4-05,2019-02-27,105.1000,105.1000,mm,,0.0060,mm,0.0020,mm,0.0060, ,1.0,1902
473,520,A17036117,2020-06-21,150.0000,150.0100,mm,0.0100,0.0200,mm,0.0160,mm,0.0200,External,1.0,2006
474,521,B17032481,2020-06-21,1.0000,0.9900,mm,-0.0100,0.0200,mm,0.0160,mm,0.0200,External,1.0,2006
475,522,B17032481,2020-06-21,10.0000,9.9900,mm,-0.0100,0.0200,mm,0.0160,mm,0.0200,External,1.0,2006
476,523,B17032481,2020-06-21,30.0000,30.0000,mm,,0.0200,mm,0.0160,mm,0.0200,External,1.0,2006
477,524,B17032481,2020-06-21,50.0000,50.0000,mm,,0.0200,mm,0.0160,mm,0.0200,External,1.0,2006
478,525,B17032481,2020-06-21,100.0000,100.0100,mm,0.0100,0.0200,mm,0.0160,mm,0.0200,External,1.0,2006
479,526,B17032481,2020-06-21,150.0000,150.0100,mm,0.0100,0.0200,mm,0.0160,mm,0.0200,External,1.0,2006
480,527,B17032481,2021-07-04,,,mm,,0.0200,mm,0.0120,mm,0.0200,External,1.0,2107
481,528,B17032481,2021-07-04,1.0000,1.0000,mm,,0.0200,mm,0.0120,mm,0.0200,External,1.0,2107
482,529,B17032481,2021-07-04,10.0000,10.0000,mm,,0.0200,mm,0.0120,mm,0.0200,External,1.0,2107
483,53,4-05,2019-02-27,107.7000,107.7010,mm,0.0010,0.0060,mm,0.0020,mm,0.0060, ,1.0,1902
484,530,B17032481,2021-07-04,30.0000,30.0000,mm,,0.0200,mm,0.0120,mm,0.0200,External,1.0,2107
485,531,B17032481,2021-07-04,50.0000,50.0000,mm,,0.0200,mm,0.0120,mm,0.0200,External,1.0,2107
486,532,B17032481,2021-07-04,100.0000,100.0100,mm,0.0100,0.0200,mm,0.0120,mm,0.0200,External,1.0,2107
487,533,B17032481,2021-07-04,150.0000,150.0100,mm,0.0100,0.0200,mm,0.0120,mm,0.0200,External,1.0,2107
488,534,B17032481,2022-06-29,,,mm,,0.0200,mm,0.0120,mm,0.0200,External,1.0,2206
489,535,B17032481,2022-06-29,1.0000,1.0000,mm,,0.0200,mm,0.0120,mm,0.0200,External,1.0,2206
490,536,B17032481,2022-06-29,10.0000,10.0000,mm,,0.0200,mm,0.0120,mm,0.0200,External,1.0,2206
491,537,B17032481,2022-06-29,30.0000,30.0000,mm,,0.0200,mm,0.0120,mm,0.0200,External,1.0,2206
492,538,B17032481,2022-06-29,50.0000,50.0000,mm,,0.0200,mm,0.0120,mm,0.0200,External,1.0,2206
493,539,B17032481,2022-06-29,100.0000,100.0000,mm,,0.0200,mm,0.0120,mm,0.0200,External,1.0,2206
494,54,4-05,2019-02-27,112.9000,112.9010,mm,0.0010,0.0060,mm,0.0020,mm,0.0060, ,1.0,1902
495,540,B17032481,2022-06-29,150.0000,150.0100,mm,0.0100,0.0200,mm,0.0120,mm,0.0200,External,1.0,2206
496,541,B17032481,2023-06-25,,,mm,0.0200,0.0120,mm,0.0200,mm,0.0200,External,1.0,2306
497,542,B17032481,2023-06-25,1.0000,1.0000,mm,0.0200,0.0120,mm,0.0200,mm,0.0200,External,1.0,2306
498,543,B17032481,2023-06-25,10.0000,10.0000,mm,0.0200,0.0120,mm,0.0200,mm,0.0200,External,1.0,2306
499,544,B17032481,2023-06-25,30.0000,30.0100,mm,0.0200,0.0120,mm,0.0200,mm,0.0200,External,1.0,2306
500,545,B17032481,2023-06-25,50.0000,50.0000,mm,0.0200,0.0120,mm,0.0200,mm,0.0200,External,1.0,2306
501,546,B17032481,2023-06-25,100.0000,100.0100,mm,0.0200,0.0120,mm,0.0200,mm,0.0200,External,1.0,2306
502,547,B17032481,2023-06-25,150.0000,150.0100,mm,0.0200,0.0120,mm,0.0200,mm,0.0200,External,1.0,2306
503,548,B17032481,2024-08-21,,,mm,,0.0200,mm,0.0120,mm,0.0200,External,1.0,2408
504,549,B17032481,2024-08-21,1.0000,1.0000,mm,,0.0200,mm,0.0120,mm,0.0200,External,1.0,2408
505,55,4-05,2019-02-27,122.8000,122.8020,mm,0.0020,0.0060,mm,0.0020,mm,0.0060, ,1.0,1902
506,550,B17032481,2024-08-21,10.0000,10.0000,mm,,0.0200,mm,0.0120,mm,0.0200,External,1.0,2408
507,551,B17032481,2024-08-21,30.0000,30.0000,mm,,0.0200,mm,0.0120,mm,0.0200,External,1.0,2408
508,552,B17032481,2024-08-21,50.0000,50.0000,mm,,0.0200,mm,0.0120,mm,0.0200,External,1.0,2408
509,553,B17032481,2024-08-21,100.0000,100.0100,mm,0.0100,0.0200,mm,0.0120,mm,0.0200,External,1.0,2408
510,554,B17032481,2024-08-21,150.0000,150.0100,mm,0.0100,0.0200,mm,0.0120,mm,0.0200,External,1.0,2408
511,555,160189070,2024-09-23,,,mm,,0.0040,mm,0.0013,mm,0.0040,,1.0,2409
512,556,160189070,2024-09-23,5.1000,5.1000,mm,,0.0040,mm,0.0013,mm,0.0040,,1.0,2409
513,557,160189070,2024-09-23,7.7000,7.7000,mm,,0.0040,mm,0.0013,mm,0.0040,,1.0,2409
514,558,160189070,2024-09-23,12.9000,12.9010,mm,0.0010,0.0040,mm,0.0013,mm,0.0040,,1.0,2409
515,559,160189070,2024-09-23,22.8000,22.8010,mm,0.0010,0.0040,mm,0.0013,mm,0.0040,,1.0,2409
516,56,4-05,2019-02-27,125.0000,125.0010,mm,0.0010,0.0060,mm,0.0020,mm,0.0060, ,1.0,1902
517,560,160189070,2024-09-23,25.0000,25.0010,mm,0.0010,0.0040,mm,0.0013,mm,0.0040,,1.0,2409
518,561,160189070,2022-06-29,,,mm,,0.0040,mm,0.0013,mm,0.0040,,1.0,2206
519,562,160189070,2022-06-29,5.1000,5.1000,mm,,0.0040,mm,0.0013,mm,0.0040,,1.0,2206
520,563,160189070,2022-06-29,7.7000,7.7000,mm,,0.0040,mm,0.0013,mm,0.0040,,1.0,2206
521,564,160189070,2022-06-29,12.9000,12.9000,mm,,0.0040,mm,0.0013,mm,0.0040,,1.0,2206
522,565,160189070,2022-06-29,22.8000,22.8010,mm,0.0010,0.0040,mm,0.0013,mm,0.0040,,1.0,2206
523,566,160189070,2022-06-29,25.0000,25.0010,mm,0.0010,0.0040,mm,0.0013,mm,0.0040,,1.0,2206
524,567,160189070,2020-07-30,,,mm,,0.0040,mm,0.0014,mm,0.0040,,1.0,2007
525,568,160189070,2020-07-30,5.1000,5.1010,mm,0.0010,0.0040,mm,0.0014,mm,0.0040,,1.0,2007
526,569,160189070,2020-07-30,7.7000,7.7010,mm,0.0010,0.0040,mm,0.0014,mm,0.0040,,1.0,2007
527,57,4-05,2019-02-27,100.0000,100.0010,mm,0.0010,0.0020,mm,0.0040,mm,0.0020,Zero point setting,1.0,1902
528,570,160189070,2020-07-30,12.9000,12.9020,mm,0.0020,0.0040,mm,0.0014,mm,0.0040,,1.0,2007
529,571,160189070,2020-07-30,22.8000,22.8020,mm,0.0020,0.0040,mm,0.0014,mm,0.0040,,1.0,2007
530,572,160189070,2020-07-30,25.0000,25.0010,mm,0.0010,0.0040,mm,0.0014,mm,0.0040,,1.0,2007
531,578,160189070,2018-06-12,,,mm,,0.0040,mm,0.0014,mm,0.0040,,1.0,1806
532,579,160189070,2018-06-12,5.1000,5.1010,mm,0.0010,0.0040,mm,0.0014,mm,0.0040,,1.0,1806
533,58,4-05,2017-01-19,100.0000,100.0000,mm,,0.0060,mm,0.0020,mm,0.0060,,1.0,1701
534,580,160189070,2018-06-12,7.7000,7.7010,mm,0.0010,0.0040,mm,0.0014,mm,0.0040,,1.0,1806
535,581,160189070,2018-06-12,12.9000,12.9010,mm,0.0010,0.0040,mm,0.0014,mm,0.0040,,1.0,1806
536,582,160189070,2018-06-12,22.8000,22.8020,mm,0.0020,0.0040,mm,0.0014,mm,0.0040,,1.0,1806
537,583,160189070,2018-06-12,25.0000,25.0010,mm,0.0010,0.0040,mm,0.0014,mm,0.0040,,1.0,1806
538,584,160189070,2017-06-28,,,mm,,0.0040,mm,0.0020,mm,0.0040,,1.0,1706
539,585,160189070,2017-06-28,5.1000,5.1000,mm,,0.0040,mm,0.0020,mm,0.0040,,1.0,1706
540,586,160189070,2017-06-28,7.7000,7.7000,mm,,0.0040,mm,0.0020,mm,0.0040,,1.0,1706
541,587,160189070,2017-06-28,12.9000,12.9010,mm,,0.0040,mm,0.0020,mm,0.0040,,1.0,1706
542,588,160189070,2017-06-28,22.8000,22.8010,mm,,0.0040,mm,0.0020,mm,0.0040,,1.0,1706
543,589,160189070,2017-06-28,25.0000,25.0020,mm,,0.0040,mm,0.0020,mm,0.0040,,1.0,1706
544,59,4-05,2017-01-19,105.1000,105.1000,mm,,0.0060,mm,0.0020,mm,0.0060,,1.0,1701
545,590,160189070,2016-06-21,,,mm,,0.0040,mm,0.0020,mm,0.0040,,1.0,1606
546,591,160189070,2016-06-21,5.1000,5.1000,mm,,0.0040,mm,0.0020,mm,0.0040,,1.0,1606
547,591af872-a325-45a0-839c-a512dfbe7dcf,,2025-04-30,1.1000,1.2000,mm,12.3000,87.5000,mm,54.5000,mm,541.5400,test,1.0,test
548,592,160189070,2016-06-21,7.7000,7.7010,mm,0.0010,0.0040,mm,0.0020,mm,0.0040,,1.0,1606
549,593,160189070,2016-06-21,12.9000,12.9000,mm,,0.0040,mm,0.0020,mm,0.0040,,1.0,1606
550,594,160189070,2016-06-21,22.8000,22.8000,mm,,4.0000,mm,0.0020,mm,0.0040,,1.0,1606
551,595,160189070,2016-06-21,25.0000,25.0010,mm,0.0010,0.0040,mm,0.0020,mm,0.0040,,1.0,1606
552,596,5026,2024-08-21,75.0000,75.0000,mm,,0.0050,mm,0.0018,mm,0.0050,,1.0,2408
553,597,5026,2024-08-21,80.1000,80.1000,mm,,0.0050,mm,0.0018,mm,0.0050,,1.0,2408
554,598,5026,2024-08-21,82.7000,82.7000,mm,-0.0010,0.0050,mm,0.0018,mm,0.0050,,1.0,2408
555,599,5026,2024-08-21,87.9000,87.9000,mm,-0.0010,0.0050,mm,0.0018,mm,0.0050,,1.0,2408
556,5eff3157-47b6-4463-b20a-726a0082b327,12345678,,44.0000,44.0000,fgrre,22.0000,33.0000,erwrew,22.0000,,,rewrew,1.0,rewrw
557,5fe500ec-4b53-474f-b2b7-5628b02375d7,159753,2025-03-20,11.0000,123.0000,fgrre,323.0000,3232.0000,erwrew,22.0000,3232,32.0000,rerewrew,1.0,rewrw
558,6,090222196208,2018-11-29,15.0000,14.4700,Nm,3.6600,4.0000,%O.R.,0.0900,Nm,4.0000,Clockwise,1.0,1811
559,60,4-05,2017-01-19,107.7000,107.7010,mm,0.0010,0.0060,mm,0.0020,mm,0.0060,,1.0,1701
560,600,5026,2024-08-21,97.8000,97.8000,mm,-0.0010,0.0050,mm,0.0018,mm,0.0050,,1.0,2408
561,601,5026,2024-08-21,100.0000,100.0000,mm,-0.0020,0.0050,mm,0.0018,mm,0.0050,,1.0,2408
562,602,5026,2024-08-21,75.0000,74.9990,mm,-0.0010,0.0030,mm,0.0015,mm,0.0030,Zero point setting,1.0,2408
563,603,5026,2023-06-25,75.0000,75.0000,mm,,0.0050,mm,0.0018,mm,0.0050,,1.0,2306
564,604,5026,2023-06-25,80.1000,80.0990,mm,-0.0010,0.0050,mm,0.0018,mm,0.0050,,1.0,2306
565,605,5026,2023-06-25,82.7000,82.6990,mm,-0.0010,0.0050,mm,0.0018,mm,0.0050,,1.0,2306
566,606,5026,2023-06-25,87.9000,87.8990,mm,-0.0020,0.0050,mm,0.0018,mm,0.0050,,1.0,2306
567,607,5026,2023-06-25,97.8000,97.7980,mm,-0.0020,0.0050,mm,0.0018,mm,0.0050,,1.0,2306
568,608,5026,2023-06-25,100.0000,99.9980,mm,-0.0020,0.0050,mm,0.0018,mm,0.0050,,1.0,2306
569,609,5026,2023-06-25,75.0000,75.0030,mm,0.0030,0.0030,mm,0.0015,mm,0.0030,Zero point setting,1.0,2306
570,61,4-05,2017-01-19,112.9000,112.9000,mm,,0.0060,mm,0.0020,mm,0.0060,,1.0,1701
571,610,5026,2022-06-29,75.0000,75.0000,mm,,0.0050,mm,0.0018,mm,0.0050,,1.0,2206
572,611,5026,2022-06-29,80.1000,80.0990,mm,-0.0010,0.0050,mm,0.0018,mm,0.0050,,1.0,2206
573,612,5026,2022-06-29,82.7000,82.6990,mm,-0.0010,0.0050,mm,0.0018,mm,0.0050,,1.0,2206
574,613,5026,2022-06-29,87.9000,87.8990,mm,-0.0010,0.0050,mm,0.0018,mm,0.0050,,1.0,2206
575,614,5026,2022-06-29,97.8000,97.7980,mm,-0.0020,0.0050,mm,0.0018,mm,0.0050,,1.0,2206
576,615,5026,2022-06-29,100.0000,99.9990,mm,-0.0010,0.0050,mm,0.0018,mm,0.0050,,1.0,2206
577,616,5026,2022-06-29,75.0000,74.9980,mm,-0.0020,0.0030,mm,0.0015,mm,0.0030,Zero point setting,1.0,2206
578,617,5026,2021-07-05,75.0000,75.0000,mm,,0.0050,mm,0.0018,mm,0.0050,,1.0,2107
579,618,5026,2021-07-05,80.1000,80.1010,mm,0.0010,0.0050,mm,0.0018,mm,0.0050,,1.0,2107
580,619,5026,2021-07-05,82.7000,82.7010,mm,0.0010,0.0050,mm,0.0018,mm,0.0050,,1.0,2107
581,62,4-05,2017-01-19,122.8000,122.8010,mm,0.0010,0.0060,mm,0.0020,mm,0.0060,,1.0,1701
582,620,5026,2021-07-05,87.9000,87.9020,mm,0.0020,0.0050,mm,0.0018,mm,0.0050,,1.0,2107
583,621,5026,2021-07-05,97.8000,97.8020,mm,0.0020,0.0050,mm,0.0018,mm,0.0050,,1.0,2107
584,622,5026,2021-07-05,100.0000,100.0010,mm,0.0010,0.0050,mm,0.0018,mm,0.0050,,1.0,2107
585,623,5026,2021-07-05,75.0000,75.0030,mm,0.0030,0.0030,mm,0.0015,mm,0.0030,,1.0,2107
586,624,5026,2020-06-21,75.0000,75.0000,mm,,0.0050,mm,0.0018,mm,0.0050,,1.0,2006
587,625,5026,2020-06-21,80.1000,80.1000,mm,,0.0050,mm,0.0018,mm,0.0050,,1.0,2006
588,626,5026,2020-06-21,82.7000,82.6990,mm,-0.0010,0.0050,mm,0.0018,mm,0.0050,,1.0,2006
589,627,5026,2020-06-21,87.9000,87.8990,mm,-0.0010,0.0050,mm,0.0018,mm,0.0050,,1.0,2006
590,628,5026,2020-06-21,97.8000,97.7990,mm,-0.0010,0.0050,mm,0.0018,mm,0.0050,,1.0,2006
591,629,5026,2020-06-21,100.0000,100.0000,mm,,0.0050,mm,0.0018,mm,0.0050,,1.0,2006
592,63,4-05,2017-01-19,125.0000,124.9980,mm,-0.0020,0.0060,mm,0.0020,mm,0.0060,,1.0,1701
593,630,5026,2020-06-21,75.0000,74.9990,mm,-0.0010,0.0030,mm,0.0015,mm,0.0030,,1.0,2006
594,631,5026,2018-12-09,75.0000,75.0000,mm,,0.0050,mm,0.0020,mm,0.0050,,1.0,1812
595,632,5026,2018-12-09,80.1000,80.1020,mm,0.0020,0.0050,mm,0.0020,mm,0.0050,,1.0,1812
596,633,5026,2018-12-09,82.7000,82.7010,mm,0.0010,0.0050,mm,0.0020,mm,0.0050,,1.0,1812
597,634,5026,2018-12-09,87.9000,87.9020,mm,0.0020,0.0050,mm,0.0020,mm,0.0050,,1.0,1812
598,635,5026,2018-12-09,97.8000,97.8020,mm,0.0020,0.0050,mm,0.0020,mm,0.0050,,1.0,1812
599,636,5026,2018-12-09,100.0000,100.0020,mm,0.0020,0.0050,mm,0.0020,mm,0.0050,,1.0,1812
600,637,5026,2018-12-09,75.0000,75.0000,mm,,0.0020,mm,0.0040,mm,0.0020,,1.0,1812
601,638,5026,2017-12-06,75.0000,75.0010,mm,0.0010,0.0050,mm,0.0020,mm,0.0050,,1.0,1712
602,639,5026,2017-12-06,80.1000,80.1010,mm,0.0010,0.0050,mm,0.0020,mm,0.0050,,1.0,1712
603,64,4-05,2017-01-19,100.0000,100.0010,mm,0.0010,0.0020,mm,0.0040,mm,0.0020,Zero point setting,1.0,1701
604,640,5026,2017-12-06,82.7000,82.7010,mm,0.0010,0.0050,mm,0.0020,mm,0.0050,,1.0,1712
605,641,5026,2017-12-06,87.9000,87.9000,mm,,0.0050,mm,0.0020,mm,0.0050,,1.0,1712
606,642,5026,2017-12-06,97.8000,97.7990,mm,-0.0010,0.0050,mm,0.0020,mm,0.0050,,1.0,1712
607,643,5026,2017-12-06,100.0000,100.0000,mm,,0.0050,mm,0.0020,mm,0.0050,,1.0,1712
608,644,5026,2017-12-06,75.0000,75.0000,mm,,0.0020,mm,0.0040,mm,0.0020,Zero point setting,1.0,1712
609,645,5026,2016-12-28,75.0000,75.0000,mm,,0.0050,mm,0.0020,mm,0.0050,,1.0,1612
610,646,5026,2016-12-28,80.1000,80.1000,mm,,0.0050,mm,0.0020,mm,0.0050,,1.0,1612
611,647,5026,2016-12-28,82.7000,82.7010,mm,0.0010,0.0050,mm,0.0020,mm,0.0050,,1.0,1612
612,648,5026,2016-12-28,87.9000,87.9000,mm,,0.0050,mm,0.0020,mm,0.0050,,1.0,1612
613,649,5026,2016-12-28,97.8000,97.8010,mm,0.0010,0.0050,mm,0.0020,mm,0.0050,,1.0,1612
614,65,4-05,2014-10-22,100.0000,100.0000,mm,,0.0060,mm,0.0020,mm,0.0060,,1.0,1410
615,650,5026,2016-12-28,100.0000,100.0010,mm,0.0010,0.0050,mm,0.0020,mm,0.0050,,1.0,1612
616,651,5026,2016-12-28,75.0000,75.0000,mm,,0.0020,mm,0.0040,mm,0.0020,Zero point setting,1.0,1612
617,652,5026,2015-12-06,75.0000,75.0000,mm,,0.0050,mm,0.0020,mm,0.0050,,1.0,1512
618,653,5026,2015-12-06,80.1000,82.1000,mm,,0.0050,mm,0.0020,mm,0.0050,,1.0,1512
619,654,5026,2015-12-06,82.7000,82.6990,mm,-0.0010,0.0050,mm,0.0020,mm,0.0050,,1.0,1512
620,655,5026,2015-12-06,87.9000,87.9000,mm,,0.0050,mm,0.0020,mm,0.0050,,1.0,1512
621,656,5026,2015-12-06,97.8000,97.8000,mm,,0.0050,mm,0.0020,mm,0.0050,,1.0,1512
622,657,5026,2015-12-06,100.0000,100.0000,mm,,0.0050,mm,0.0020,mm,0.0050,,1.0,1512
623,658,5026,2015-12-06,75.0000,75.0000,mm,,0.0020,mm,0.0040,mm,0.0020,Zero point setting,1.0,1512
624,659,5026,2014-10-21,75.0000,75.0000,mm,,0.0050,mm,0.0020,mm,0.0050,,1.0,1410
625,66,4-05,2014-10-22,105.1000,105.1000,mm,,0.0060,mm,0.0020,mm,0.0060,,1.0,1410
626,660,5026,2014-10-21,80.1000,80.1000,mm,,0.0050,mm,0.0020,mm,0.0050,,1.0,1410
627,661,5026,2014-10-21,82.7000,82.7000,mm,,0.0050,mm,0.0020,mm,0.0050,,1.0,1410
628,662,5026,2014-10-21,87.9000,87.9020,mm,0.0020,0.0050,mm,0.0020,mm,0.0050,,1.0,1410
629,663,5026,2014-10-21,97.8000,97.8010,mm,0.0010,0.0050,mm,0.0020,mm,0.0050,,1.0,1410
630,664,5026,2014-10-21,100.0000,100.0000,mm,,0.0050,mm,0.0020,mm,0.0050,,1.0,1410
631,665,5026,2014-10-21,75.0000,75.0010,mm,0.0010,0.0020,mm,0.0020,mm,0.0020,Zero point setting,1.0,1410
632,666,5026,2012-08-16,75.0000,75.0010,mm,0.0010,0.0050,mm,0.0020,mm,0.0050,,1.0,1208
633,667,5026,2012-08-16,80.1000,82.1000,mm,,0.0050,mm,0.0020,mm,0.0050,,1.0,1208
634,668,5026,2012-08-16,82.7000,82.7010,mm,0.0010,0.0050,mm,0.0020,mm,0.0050,,1.0,1208
635,669,5026,2012-08-16,87.9000,87.9020,mm,0.0020,0.0050,mm,0.0020,mm,0.0050,,1.0,1208
636,67,4-05,2014-10-22,107.7000,107.7000,mm,,0.0060,mm,0.0020,mm,0.0060,,1.0,1410
637,670,5026,2012-08-16,97.8000,97.8020,mm,0.0020,0.0050,mm,0.0020,mm,0.0050,,1.0,1208
638,671,5026,2012-08-16,100.0000,100.0010,mm,0.0010,0.0050,mm,0.0020,mm,0.0050,,1.0,1208
639,672,5026,2012-08-16,75.0000,75.0010,mm,0.0010,0.0020,mm,0.0040,mm,0.0020,,1.0,1208
640,673,00226,2024-08-21,50.0000,50.0000,mm,,0.0050,mm,0.0018,mm,0.0050,,1.0,
641,674,00226,2024-08-21,55.1000,55.1000,mm,,0.0050,mm,0.0018,mm,0.0050,,1.0,
642,675,00226,2024-08-21,57.7000,57.7000,mm,,0.0050,mm,0.0018,mm,0.0050,,1.0,
643,676,00226,2024-08-21,62.9000,62.8990,mm,-0.0010,0.0050,mm,0.0018,mm,0.0050,,1.0,
644,677,00226,2024-08-21,72.8000,72.7990,mm,-0.0010,0.0050,mm,0.0018,mm,0.0050,,1.0,
645,678,00226,2024-08-21,75.0000,74.9990,mm,-0.0010,0.0050,mm,0.0018,mm,0.0050,,1.0,
646,679,00226,2024-08-21,50.0000,49.9990,mm,-0.0010,0.0020,mm,0.0015,mm,0.0020,Zero point setting,1.0,
647,68,4-05,2014-10-22,112.9000,112.9010,mm,0.0010,0.0060,mm,0.0020,mm,0.0060,,1.0,1410
648,680,00226,2023-06-25,50.0000,50.0000,mm,,0.0050,mm,0.0018,mm,0.0050,,1.0,2306
649,681,00226,2023-06-25,55.1000,55.1000,mm,,0.0050,mm,0.0018,mm,0.0050,,1.0,2306
650,682,00226,2023-06-25,57.7000,57.7000,mm,,0.0050,mm,0.0018,mm,0.0050,,1.0,2306
651,683,00226,2023-06-25,62.9000,62.9010,mm,0.0010,0.0050,mm,0.0018,mm,0.0050,,1.0,2306
652,684,00226,2023-06-25,72.8000,72.8010,mm,0.0010,0.0050,mm,0.0018,mm,0.0050,,1.0,2306
653,685,00226,2023-06-25,75.0000,75.0010,mm,0.0010,0.0050,mm,0.0018,mm,0.0050,,1.0,2306
654,686,00226,2023-06-25,50.0000,49.9990,mm,-0.0010,0.0020,mm,0.0015,mm,0.0050,Zero point setting,1.0,2306
655,687,00226,2022-06-29,50.0000,50.0000,mm,,0.0050,mm,0.0018,mm,0.0050,,1.0,2206
656,688,00226,2022-06-29,55.1000,55.1000,mm,,0.0050,mm,0.0018,mm,0.0050,,1.0,2206
657,689,00226,2022-06-29,57.7000,57.7000,mm,,0.0050,mm,0.0018,mm,0.0050,,1.0,2206
658,69,4-05,2014-10-22,122.8000,122.8000,mm,,0.0060,mm,0.0020,mm,0.0060,,1.0,1410
659,690,00226,2022-06-29,62.9000,62.8990,mm,-0.0010,0.0050,mm,0.0018,mm,0.0050,,1.0,2206
660,691,00226,2022-06-29,72.8000,72.7980,mm,-0.0020,0.0050,mm,0.0018,mm,0.0050,,1.0,2206
661,692,00226,2022-06-29,75.0000,74.9980,mm,-0.0020,0.0050,mm,0.0018,mm,0.0050,,1.0,2206
662,693,00226,2022-06-29,50.0000,49.9980,mm,-0.0020,0.0020,mm,0.0015,mm,0.0050,Zero point setting,1.0,2206
663,694,00226,2021-08-31,50.0000,50.0000,mm,,0.0050,mm,0.0017,mm,0.0050,,1.0,
664,695,00226,2021-08-31,55.1000,55.1000,mm,,0.0050,mm,0.0017,mm,0.0050,,1.0,
665,696,00226,2021-08-31,57.7000,57.6990,mm,-0.0010,0.0050,mm,0.0017,mm,0.0050,,1.0,
666,697,00226,2021-08-31,62.9000,62.9010,mm,0.0010,0.0050,mm,0.0017,mm,0.0050,,1.0,
667,698,00226,2021-08-31,72.8000,72.8020,mm,0.0020,0.0050,mm,0.0017,mm,0.0050,,1.0,
668,699,00226,2021-08-31,75.0000,75.0020,mm,0.0020,0.0050,mm,0.0017,mm,0.0050,,1.0,
669,7,090222196208,2018-11-29,25.0000,24.7200,Nm,1.1300,4.0000,%O.R.,0.1300,Nm,4.0000,Clockwise,1.0,1811
670,70,4-05,2014-10-22,125.0000,125.0020,mm,0.0020,0.0060,mm,0.0020,mm,0.0060,,1.0,1410
671,700,00226,2021-08-31,50.0000,49.9980,mm,-0.0020,0.0050,mm,0.0017,mm,0.0050,Zero point setting,1.0,
672,701,00226,2020-09-07,50.0000,50.0000,mm,,0.0050,mm,0.0017,mm,0.0050,,1.0,2009
673,702,00226,2020-09-07,55.1000,55.1000,mm,,0.0050,mm,0.0017,mm,0.0050,,1.0,2009
674,703,00226,2020-09-07,57.7000,57.7010,mm,0.0010,0.0050,mm,0.0017,mm,0.0050,,1.0,2009
675,704,00226,2020-09-07,62.9000,62.9020,mm,0.0020,0.0050,mm,0.0017,mm,0.0050,,1.0,2009
676,705,00226,2020-09-07,72.8000,72.8010,mm,0.0010,0.0050,mm,0.0017,mm,0.0050,,1.0,2009
677,706,00226,2020-09-07,75.0000,75.0030,mm,0.0030,0.0050,mm,0.0017,mm,0.0050,,1.0,2009
678,707,00226,2020-09-07,50.0000,50.0000,mm,,0.0020,mm,0.0017,mm,0.0050,Zero point setting,1.0,2009
679,708,00226,2019-08-26,50.0000,50.0000,mm,,0.0050,mm,0.0020,mm,0.0050,,1.0,1908
680,709,00226,2019-08-26,55.1000,55.1040,mm,0.0040,0.0050,mm,0.0020,mm,0.0050,,1.0,1908
681,71,4-05,2014-10-22,100.0000,100.0010,mm,0.0010,0.0020,mm,0.0040,mm,0.0020,,1.0,1410
682,710,00226,2019-08-26,57.7000,57.7040,mm,0.0040,0.0050,mm,0.0020,mm,0.0050,,1.0,1908
683,711,00226,2019-08-26,62.9000,62.9040,mm,0.0040,0.0050,mm,0.0020,mm,0.0050,,1.0,1908
684,712,00226,2019-08-26,72.8000,72.8030,mm,0.0030,0.0050,mm,0.0020,mm,0.0050,,1.0,1908
685,713,00226,2019-08-26,75.0000,75.0030,mm,0.0030,0.0050,mm,0.0020,mm,0.0050,,1.0,1908
686,714,00226,2019-08-26,50.0000,50.0000,mm,,0.0020,mm,0.0020,mm,0.0020,Zero point setting,1.0,1908
687,715,00226,2018-09-05,50.0000,50.0000,mm,,0.0050,mm,0.0020,mm,0.0050,,1.0,1809
688,716,00226,2018-09-05,55.1000,55.1000,mm,,0.0050,mm,0.0020,mm,0.0050,,1.0,1809
689,717,00226,2018-09-05,57.7000,57.7020,mm,0.0020,0.0050,mm,0.0020,mm,0.0050,,1.0,1809
690,718,00226,2018-09-05,62.9000,62.9020,mm,0.0020,0.0050,mm,0.0020,mm,0.0050,,1.0,1809
691,719,00226,2018-09-05,72.8000,72.8020,mm,0.0020,0.0050,mm,0.0020,mm,0.0050,,1.0,1809
692,72,715,2013-10-15,100.0000,100.0000,mm,,0.0060,mm,0.0020,mm,0.0060,,1.0,1310
693,720,00226,2018-09-05,75.0000,75.0030,mm,0.0030,0.0050,mm,0.0020,mm,0.0050,,1.0,1809
694,721,00226,2018-09-05,50.0000,49.9980,mm,-0.0020,0.0020,mm,0.0040,mm,0.0050,Zero pont setting,1.0,1809
695,722,00226,2017-09-10,50.0000,50.0000,mm,,0.0050,mm,0.0020,mm,0.0050,,1.0,1709
696,723,00226,2017-09-10,55.1000,55.1000,mm,,0.0050,mm,0.0020,mm,0.0050,,1.0,1709
697,724,00226,2017-09-10,57.7000,57.7000,mm,,0.0050,mm,0.0020,mm,0.0050,,1.0,1709
698,725,00226,2017-09-10,62.9000,62.9000,mm,,0.0050,mm,0.0020,mm,0.0050,,1.0,1709
699,726,00226,2017-09-10,72.8000,72.8010,mm,0.0010,0.0050,mm,0.0020,mm,0.0050,,1.0,1709
700,727,00226,2017-09-10,75.0000,75.0010,mm,0.0010,0.0050,mm,0.0020,mm,0.0050,,1.0,1709
701,728,00226,2017-09-10,50.0000,49.9980,mm,-0.0020,0.0020,mm,0.0040,mm,0.0020,Zero point setting,1.0,1709
702,729,00226,2016-07-25,50.0000,50.0000,mm,,0.0050,mm,0.0020,mm,0.0050,,1.0,1607
703,73,715,2013-10-15,105.1000,105.1000,mm,,0.0060,mm,0.0020,mm,0.0060,,1.0,1310
704,730,00226,2016-07-25,55.1000,55.1000,mm,,0.0050,mm,0.0020,mm,0.0050,,1.0,1607
705,731,00226,2016-07-25,57.7000,57.7000,mm,,0.0050,mm,0.0020,mm,0.0050,,1.0,1607
706,732,00226,2016-07-25,62.9000,62.9000,mm,,0.0050,mm,0.0020,mm,0.0050,,1.0,1607
707,733,00226,2016-07-25,72.8000,72.7990,mm,-0.0010,0.0050,mm,0.0020,mm,0.0050,,1.0,1607
708,734,00226,2016-07-25,75.0000,74.9990,mm,-0.0010,0.0050,mm,0.0020,mm,0.0050,,1.0,1607
709,735,00226,2016-07-25,50.0000,49.9980,mm,-0.0020,0.0020,mm,0.0040,mm,0.0020,Zero point setting,1.0,1607
710,736,00226,2015-08-11,50.0000,50.0000,mm,,0.0050,mm,0.0020,mm,0.0050,,1.0,1508
711,737,00226,2015-08-11,55.1000,55.1000,mm,,0.0050,mm,0.0020,mm,0.0050,,1.0,1508
712,738,00226,2015-08-11,57.7000,57.7020,mm,0.0020,0.0050,mm,0.0020,mm,0.0050,,1.0,1508
713,739,00226,2015-08-11,62.9000,62.9020,mm,0.0020,0.0050,mm,0.0020,mm,0.0050,,1.0,1508
714,74,715,2013-10-15,107.7000,107.7020,mm,0.0020,0.0060,mm,0.0020,mm,0.0060,,1.0,1310
715,740,00226,2015-08-11,72.8000,72.8020,mm,0.0020,0.0050,mm,0.0020,mm,0.0050,,1.0,1508
716,741,00226,2015-08-11,75.0000,75.0020,mm,0.0020,0.0050,mm,0.0020,mm,0.0050,,1.0,1508
717,742,00226,2015-08-11,50.0000,49.9980,mm,-0.0020,0.0020,mm,0.0040,mm,0.0020,Zero point setting,1.0,1508
718,743,00226,2014-09-09,50.0000,50.0000,mm,,0.0050,mm,0.0020,mm,0.0050,,1.0,1409
719,744,00226,2014-09-09,55.1000,55.1000,mm,,0.0050,mm,0.0020,mm,0.0050,,1.0,1409
720,745,00226,2014-09-09,57.7000,57.6990,mm,-0.0010,0.0050,mm,0.0020,mm,0.0050,,1.0,1409
721,746,00226,2014-09-09,62.9000,62.9000,mm,,0.0050,mm,0.0020,mm,0.0050,,1.0,1409
722,747,00226,2014-09-09,72.8000,72.8000,mm,,0.0050,mm,0.0020,mm,0.0050,,1.0,1409
723,748,00226,2014-09-09,75.0000,74.9000,mm,-0.0010,0.0050,mm,0.0020,mm,0.0050,,1.0,1409
724,749,00226,2014-09-09,50.0000,50.0020,mm,0.0020,0.0050,mm,0.0040,mm,0.0020,Zero point setting,1.0,1409
725,75,715,2013-10-15,112.9000,112.9020,mm,0.0020,0.0060,mm,0.0020,mm,0.0060,,1.0,1310
726,750,00226,2013-09-15,50.0000,50.0000,mm,,0.0050,mm,0.0020,mm,0.0050,,1.0,1309
727,751,00226,2013-09-15,55.1000,55.1020,mm,0.0020,0.0050,mm,0.0020,mm,0.0050,,1.0,1309
728,752,00226,2013-09-15,57.7000,57.7000,mm,,0.0050,mm,0.0020,mm,0.0050,,1.0,1309
729,753,00226,2013-09-15,62.9000,62.9010,mm,0.0010,0.0050,mm,0.0020,mm,0.0050,,1.0,1309
730,754,00226,2013-09-15,72.8000,72.8010,mm,0.0010,0.0050,mm,0.0020,mm,0.0050,,1.0,1309
731,755,00226,2013-09-15,75.0000,75.0020,mm,0.0020,0.0050,mm,0.0020,mm,0.0050,,1.0,1309
732,756,00226,2013-09-15,50.0000,50.0000,mm,,0.0020,mm,0.0040,mm,0.0020,Zero point setting,1.0,1309
733,757,110637742,2024-08-21,,,mm,,0.0040,mm,0.0013,mm,0.0040,,1.0,2408
734,758,110637742,2024-08-21,5.1000,5.1000,mm,,0.0040,mm,0.0013,mm,0.0040,,1.0,2408
735,759,110637742,2024-08-21,7.7000,7.7000,mm,,0.0040,mm,0.0013,mm,0.0040,,1.0,2408
736,76,715,2013-10-15,122.8000,122.8010,mm,0.0010,0.0060,mm,0.0020,mm,0.0060,,1.0,1310
737,760,110637742,2024-08-21,12.9000,12.9000,mm,,0.0040,mm,0.0013,mm,0.0040,,1.0,2408
738,761,110637742,2024-08-21,22.8000,22.7990,mm,-0.0010,0.0040,mm,0.0013,mm,0.0040,,1.0,2408
739,762,110637742,2024-08-21,25.0000,24.9990,mm,-0.0010,0.0040,mm,0.0013,mm,0.0040,,1.0,2408
740,763,110637742,2023-06-25,,,mm,,0.0040,mm,0.0013,mm,0.0040,,1.0,2306
741,764,110637742,2023-06-25,5.1000,5.1000,mm,,0.0040,mm,0.0013,mm,0.0040,,1.0,2306
742,765,110637742,2023-06-25,7.7000,7.7010,mm,0.0010,0.0040,mm,0.0013,mm,0.0040,,1.0,2306
743,766,110637742,2023-06-25,12.9000,12.9020,mm,0.0020,0.0040,mm,0.0013,mm,0.0040,,1.0,2306
744,767,110637742,2023-06-25,22.8000,22.8010,mm,0.0010,0.0040,mm,0.0013,mm,0.0040,,1.0,2306
745,768,110637742,2023-06-25,25.0000,25.0000,mm,,0.0040,mm,0.0013,mm,0.0040,,1.0,2306
746,768d27a9-04d9-4892-87df-79a79de38c72,,2025-05-09,15.0000,15.5000,mm,15.4900,15.8000,mm,156.1660,mm,1118.0000,ElroyAnakiTest,1.0,Its For test 2
747,769,110637742,2022-06-29,,,mm,,0.0040,mm,0.0013,mm,0.0040,,1.0,2206
748,77,715,2013-10-15,125.0000,125.0010,mm,0.0010,0.0060,mm,0.0020,mm,0.0060,,1.0,1310
749,770,110637742,2022-06-29,5.1000,5.0990,mm,-0.0010,0.0040,mm,0.0013,mm,0.0040,,1.0,2206
750,771,110637742,2022-06-29,7.7000,7.6990,mm,-0.0010,0.0040,mm,0.0013,mm,0.0040,,1.0,2206
751,772,110637742,2022-06-29,12.9000,12.8990,mm,-0.0010,0.0040,mm,0.0013,mm,0.0040,,1.0,2206
752,773,110637742,2022-06-29,22.8000,22.7990,mm,-0.0010,0.0040,mm,0.0013,mm,0.0040,,1.0,2206
753,774,110637742,2022-06-29,25.0000,25.0000,mm,,0.0040,mm,0.0013,mm,0.0040,,1.0,2206
754,7745a973-10d7-4d67-ad4f-d75ae8663429,,2025-04-23,12.5000,2.5000,test,12.5000,2.5000,test,12.5000,test,2.5000,testTeltoy,1.0,ttt
755,775,110637742,2021-08-31,,,mm,,0.0040,mm,0.0014,mm,0.0040,,1.0,2108
756,776,110637742,2021-08-31,5.1000,5.1010,mm,0.0010,0.0040,mm,0.0014,mm,0.0040,,1.0,2108
757,777,110637742,2021-08-31,7.7000,7.7010,mm,0.0010,0.0040,mm,0.0014,mm,0.0040,,1.0,2108
758,778,110637742,2021-08-31,12.9000,12.9010,mm,0.0010,0.0040,mm,0.0014,mm,0.0040,,1.0,2108
759,779,110637742,2021-08-31,22.8000,22.8000,mm,,0.0040,mm,0.0014,mm,0.0040,,1.0,2108
760,78,715,2013-10-15,100.0000,100.0010,mm,0.0010,0.0020,mm,0.0040,mm,0.0020,Zero point setting,1.0,1310
761,780,110637742,2021-08-31,25.0000,25.0000,mm,,0.0040,mm,0.0014,mm,0.0040,,1.0,2108
762,781,110637742,2020-09-07,,,mm,,0.0040,mm,0.0014,mm,0.0040,,1.0,2009
763,782,110637742,2020-09-07,5.1000,5.0980,mm,-0.0020,0.0040,mm,0.0014,mm,0.0040,,1.0,2009
764,783,110637742,2020-09-07,7.7000,7.6990,mm,-0.0010,0.0040,mm,0.0014,mm,0.0040,,1.0,2009
765,784,110637742,2020-09-07,12.9000,12.8990,mm,-0.0010,0.0040,mm,0.0014,mm,0.0040,,1.0,2009
766,785,110637742,2020-09-07,22.8000,22.7980,mm,-0.0020,0.0040,mm,0.0014,mm,0.0040,,1.0,2009
767,786,110637742,2020-09-07,25.0000,24.9990,mm,-0.0010,0.0040,mm,0.0014,mm,0.0040,,1.0,2009
768,787,110637742,2019-08-26,,,mm,0.0040,0.0040,mm,0.0020,mm,0.0040,,1.0,1908
769,788,110637742,2019-08-26,5.1000,5.1000,mm,0.0040,0.0040,mm,0.0020,mm,0.0040,,1.0,1908
770,789,110637742,2019-08-26,7.7000,7.6990,mm,0.0040,0.0040,mm,0.0020,mm,0.0040,,1.0,1908
771,79,4-01,2023-06-25,,,mm,,0.0040,mm,0.0020,mm,0.0040,,1.0,2306
772,790,110637742,2019-08-26,12.9000,12.9020,mm,0.0040,0.0040,mm,0.0020,mm,0.0040,,1.0,1908
773,791,110637742,2019-08-26,22.8000,22.7990,mm,0.0040,0.0040,mm,0.0020,mm,0.0040,,1.0,1908
774,792,110637742,2019-08-26,25.0000,25.0000,mm,0.0040,0.0040,mm,0.0020,mm,0.0040,,1.0,1908
775,793,110637742,2018-09-04,,,mm,,0.0040,mm,0.0020,mm,0.0040,,1.0,1809
776,794,110637742,2018-09-04,5.1000,5.0990,mm,-0.0010,0.0040,mm,0.0020,mm,0.0040,,1.0,1809
777,795,110637742,2018-09-04,7.7000,7.7000,mm,,0.0040,mm,0.0020,mm,0.0040,,1.0,1809
778,796,110637742,2018-09-04,12.9000,12.9010,mm,0.0010,0.0040,mm,0.0020,mm,0.0040,,1.0,1809
779,797,110637742,2018-09-04,22.8000,22.8020,mm,0.0020,0.0040,mm,0.0020,mm,0.0040,,1.0,1809
780,798,110637742,2018-09-04,25.0000,25.0030,mm,0.0030,0.0040,mm,0.0020,mm,0.0040,,1.0,1809
781,799,110637742,2017-09-10,,,mm,,0.0040,mm,0.0020,mm,0.0040,,1.0,1709
782,8,413543L-25,2024-09-22,0.8000,0.7570,Nm,-5.3800,6.0000,%O.R.,0.0070,Nm,6.0000,Clockwise,1.0,2409
783,80,4-01,2023-06-25,5.1000,5.1000,mm,,0.0040,mm,0.0020,mm,0.0040,,1.0,2306
784,800,110637742,2017-09-10,5.1000,5.1000,mm,,0.0040,mm,0.0020,mm,0.0040,,1.0,1709
785,801,110637742,2017-09-10,7.7000,7.7000,mm,,0.0040,mm,0.0020,mm,0.0040,,1.0,1709
786,802,110637742,2017-09-10,12.9000,12.9000,mm,,0.0040,mm,0.0020,mm,0.0040,,1.0,1709
787,803,110637742,2017-09-10,22.8000,22.7990,mm,-0.0010,0.0040,mm,0.0020,mm,0.0040,,1.0,1709
788,804,110637742,2017-09-10,25.0000,25.0000,mm,,0.0040,mm,0.0020,mm,0.0040,,1.0,1709
789,805,110637742,2016-07-06,,,mm,,0.0040,mm,0.0020,mm,0.0040,,1.0,1607
790,806,110637742,2016-07-06,5.1000,5.1000,mm,,0.0040,mm,0.0020,mm,0.0040,,1.0,1607
791,807,110637742,2016-07-06,7.7000,7.7000,mm,,0.0040,mm,0.0020,mm,0.0040,,1.0,1607
792,808,110637742,2016-07-06,12.9000,12.9000,mm,,0.0040,mm,0.0020,mm,0.0040,,1.0,1607
793,809,110637742,2016-07-06,22.8000,22.8000,mm,,0.0040,mm,0.0020,mm,0.0040,,1.0,1607
794,81,4-01,2023-06-25,7.7000,7.7000,mm,,0.0040,mm,0.0020,mm,0.0040,,1.0,2306
795,810,110637742,2016-07-06,25.0000,25.0000,mm,,0.0040,mm,0.0020,mm,0.0040,,1.0,1607
796,811,110637742,2015-07-19,,,mm,,0.0040,mm,0.0020,mm,0.0040,,1.0,1507
797,812,110637742,2015-07-19,5.1000,5.1000,mm,,0.0040,mm,0.0020,mm,0.0040,,1.0,1507
798,813,110637742,2015-07-19,7.7000,7.6990,mm,-0.0010,0.0040,mm,0.0020,mm,0.0040,,1.0,1507
799,814,110637742,2015-07-19,12.9000,12.9000,mm,,0.0040,mm,0.0020,mm,0.0040,,1.0,1507
800,815,110637742,2015-07-19,22.8000,22.7990,mm,-0.0010,0.0040,mm,0.0020,mm,0.0040,,1.0,1507
801,816,110637742,2015-07-19,25.0000,25.0000,mm,,0.0040,mm,0.0020,mm,0.0040,,1.0,1507
802,817,110637742,2014-08-27,,,mm,,0.0040,mm,0.0020,mm,0.0040,,1.0,1408
803,818,110637742,2014-08-27,5.1000,5.1000,mm,,0.0040,mm,0.0020,mm,0.0040,,1.0,1408
804,819,110637742,2014-08-27,7.7000,7.7000,mm,,0.0040,mm,0.0020,mm,0.0040,,1.0,1408
805,82,4-01,2023-06-25,12.9000,12.9000,mm,,0.0040,mm,0.0020,mm,0.0040,,1.0,2306
806,820,110637742,2014-08-27,12.9000,12.9000,mm,,0.0040,mm,0.0020,mm,0.0040,,1.0,1408
807,821,110637742,2014-08-27,22.8000,22.8000,mm,,0.0040,mm,0.0020,mm,0.0040,,1.0,1408
808,822,110637742,2014-08-27,25.0000,25.0010,mm,0.0010,0.0040,mm,0.0020,mm,0.0040,,1.0,1408
809,823,110637742,2013-04-17,,,mm,,0.0040,mm,0.0020,mm,0.0040,,1.0,1304
810,824,110637742,2013-04-17,5.1000,5.1000,mm,,0.0040,mm,0.0020,mm,0.0040,,1.0,1304
811,825,110637742,2013-04-17,7.7000,7.7000,mm,,0.0040,mm,0.0020,mm,0.0040,,1.0,1304
812,826,110637742,2013-04-17,12.9000,12.9000,mm,,0.0040,mm,0.0020,mm,0.0040,,1.0,1304
813,827,110637742,2013-04-17,22.8000,22.8000,mm,,0.0040,mm,0.0020,mm,0.0040,,1.0,1304
814,828,110637742,2013-04-17,25.0000,25.0000,mm,,0.0040,mm,0.0020,mm,0.0040,,1.0,1304
815,829,12539935,2024-09-23,,,mm,,0.0200,mm,0.0120,mm,0.0200,,1.0,2409
816,83,4-01,2023-06-25,22.8000,22.8000,mm,,0.0040,mm,0.0020,mm,0.0040,,1.0,2306
817,830,12539935,2024-09-23,1.0000,1.0000,mm,,0.0200,mm,0.0120,mm,0.0200,,1.0,2409
818,831,12539935,2024-09-23,10.0000,10.0000,mm,,0.0200,mm,0.0120,mm,0.0200,,1.0,2409
819,832,12539935,2024-09-23,30.0000,30.0000,mm,,0.0200,mm,0.0120,mm,0.0200,,1.0,2409
820,833,12539935,2024-09-23,50.0000,50.0000,mm,,0.0200,mm,0.0120,mm,0.0200,,1.0,2409
821,834,12539935,2024-09-23,100.0000,100.0000,mm,,0.0200,mm,0.0120,mm,0.0200,,1.0,2409
822,835,12539935,2024-09-23,200.0000,200.0000,mm,,0.0300,mm,0.0120,mm,0.0300,,1.0,2409
823,836,12539935,2024-09-23,30.0000,29.9900,mm,-0.0100,0.0200,mm,0.0120,mm,0.0200,Internal measurment,1.0,2409
824,837,12539935,2024-09-23,30.0000,30.0100,mm,0.0100,0.0200,mm,0.0120,mm,0.0200,Depth measurment,1.0,2409
825,838,12539935,2023-06-25,,,mm,,0.0200,mm,0.0120,mm,0.0200,,1.0,2306
826,839,12539935,2023-06-25,1.0000,1.0000,mm,,0.0200,mm,0.0120,mm,0.0200,,1.0,2306
827,84,4-01,2023-06-25,25.0000,25.0010,mm,0.0010,0.0040,mm,0.0020,mm,0.0040,,1.0,2306
828,840,12539935,2023-06-25,10.0000,9.9900,mm,-0.0100,0.0200,mm,0.0120,mm,0.0200,,1.0,2306
829,841,12539935,2023-06-25,30.0000,30.0000,mm,,0.0200,mm,0.0120,mm,0.0200,,1.0,2306
830,842,12539935,2023-06-25,50.0000,50.0000,mm,,0.0200,mm,0.0120,mm,0.0200,,1.0,2306
831,843,12539935,2023-06-25,100.0000,100.0000,mm,,0.0200,mm,0.0120,mm,0.0200,,1.0,2306
832,844,12539935,2023-06-25,200.0000,200.0000,mm,,0.0200,mm,0.0120,mm,0.0200,,1.0,2306
833,845,12539935,2023-06-25,30.0000,30.0100,mm,0.0100,0.0200,mm,0.0120,mm,0.0200,Internal measurment,1.0,2306
834,846,12539935,2023-06-25,30.0000,30.0000,mm,,0.0200,mm,0.0120,mm,0.0200,Depth measurment,1.0,2306
835,847,12539935,2022-06-29,,,mm,,0.0200,mm,0.0120,mm,0.0200,,1.0,2206
836,848,12539935,2022-06-29,1.0000,0.9900,mm,-0.0100,0.0200,mm,0.0120,mm,0.0200,,1.0,2206
837,849,12539935,2022-06-29,10.0000,10.0000,mm,,0.0200,mm,0.0120,mm,0.0200,,1.0,2206
838,85,4-01,2021-05-06,,,mm,,0.0040,mm,0.0020,mm,0.0040,,1.0,2105
839,850,12539935,2022-06-29,30.0000,30.0000,mm,,0.0200,mm,0.0120,mm,0.0200,,1.0,2206
840,851,12539935,2022-06-29,50.0000,49.9000,mm,-0.0100,0.0200,mm,0.0120,mm,0.0200,,1.0,2206
841,852,12539935,2022-06-29,100.0000,100.0000,mm,,0.0200,mm,0.0120,mm,0.0200,,1.0,2206
842,853,12539935,2022-06-29,200.0000,200.0000,mm,,0.0200,mm,0.0120,mm,0.0200,,1.0,2206
843,854,12539935,2022-06-29,30.0000,30.0100,mm,0.0100,0.0200,mm,0.0120,mm,0.0200,Internal measurment,1.0,2206
844,855,12539935,2022-06-29,30.0000,30.0100,mm,0.0100,0.0200,mm,0.0120,mm,0.0200,Depth measurment,1.0,2206
845,856,12539935,2021-07-04,,,mm,,0.0200,mm,0.0120,mm,0.0200,,1.0,2107
846,857,12539935,2021-07-04,1.0000,1.0000,mm,,0.0200,mm,0.0120,mm,0.0200,,1.0,2107
847,858,12539935,2021-07-04,10.0000,10.0000,mm,,0.0200,mm,0.0120,mm,0.0200,,1.0,2107
848,859,12539935,2021-07-04,30.0000,30.0000,mm,,0.0200,mm,0.0120,mm,0.0200,,1.0,2107
849,86,4-01,2021-05-06,5.1000,5.1000,mm,,0.0040,mm,0.0020,mm,0.0040,,1.0,2105
850,860,12539935,2021-07-04,50.0000,50.0000,mm,,0.0200,mm,0.0120,mm,0.0200,,1.0,2107
851,861,12539935,2021-07-04,100.0000,100.0000,mm,,0.0200,mm,0.0120,mm,0.0200,,1.0,2107
852,862,12539935,2021-07-04,200.0000,200.0000,mm,,0.0200,mm,0.0120,mm,0.0200,,1.0,2107
853,863,12539935,2021-07-04,30.0000,30.0000,mm,,0.0200,mm,0.0120,mm,0.0200,Internal measurment,1.0,2107
854,864,12539935,2021-07-04,30.0000,30.0100,mm,0.0100,0.0200,mm,0.0120,mm,0.0200,Depth measurment,1.0,2107
855,865,12539935,2020-06-21,1.0000,0.9900,mm,-0.0100,0.0200,mm,0.0160,mm,0.0200,,,2006
856,866,12539935,2020-06-21,10.0000,10.0000,mm,,0.0200,mm,0.0160,mm,0.0200,,,2006
857,867,12539935,2020-06-21,30.0000,30.0000,mm,,0.0200,mm,0.0170,mm,0.0200,,,2006
858,868,12539935,2020-06-21,50.0000,50.0100,mm,0.0100,0.0200,mm,0.0170,mm,0.0200,,,2006
859,869,12539935,2020-06-21,100.0000,100.0000,mm,,0.0200,mm,0.0180,mm,0.0200,,,2006
860,87,4-01,2021-05-06,7.7000,7.7000,mm,,0.0040,mm,0.0020,mm,0.0040,,1.0,2105
861,870,12539935,2020-06-21,200.0000,200.0200,mm,0.0200,0.0300,mm,0.0200,mm,0.0200,,,2006
862,871,12539935,2020-06-21,30.0000,29.9900,mm,-0.0100,0.0200,mm,0.0170,mm,0.0200,Internal measurment,,2006
863,872,12539935,2020-06-21,30.0000,29.9800,mm,-0.0200,0.0200,mm,0.0170,mm,0.0200,Depth measurment,,2006
864,873,12539935,2018-12-09,,,mm,,0.0200,mm,0.0160,mm,0.0200,,1.0,1812
865,874,12539935,2018-12-09,10.0000,10.0000,mm,,0.0200,mm,0.0160,mm,0.0200,,1.0,1812
866,875,12539935,2018-12-09,30.0000,30.0000,mm,,0.0200,mm,0.0170,mm,0.0200,,1.0,1812
867,876,12539935,2018-12-09,50.0000,50.0000,mm,,0.0200,mm,0.0170,mm,0.0200,,1.0,1812
868,877,12539935,2018-12-09,100.0000,100.0000,mm,,0.0200,mm,0.0180,mm,0.0200,,1.0,1812
869,878,12539935,2018-12-09,200.0000,200.0100,mm,,0.0200,mm,0.0200,mm,0.0200,,1.0,1812
870,879,12539935,2018-12-09,30.0000,30.0000,mm,,0.0200,mm,0.0170,mm,0.0200,Internal measurment,1.0,1812
871,88,4-01,2021-05-06,12.9000,12.9000,mm,,0.0040,mm,0.0020,mm,0.0040,,1.0,2105
872,880,12539935,2018-12-09,30.0000,30.0000,mm,,0.0200,mm,0.0170,mm,0.0200,Depth measurment,1.0,1812
873,881,12539935,2017-12-06,1.0000,1.0000,mm,,0.0200,mm,0.0160,mm,0.0200,,1.0,1712
874,882,12539935,2017-12-06,10.0000,10.0000,mm,,0.0200,mm,0.0160,mm,0.0200,,1.0,1712
875,883,12539935,2017-12-06,30.0000,30.0000,mm,,0.0200,mm,0.0160,mm,0.0200,,1.0,1712
876,884,12539935,2017-12-06,50.0000,50.0000,mm,,0.0200,mm,0.0160,mm,0.0200,,1.0,1712
877,885,12539935,2017-12-06,100.0000,100.0000,mm,,0.0200,mm,0.0160,mm,0.0200,,1.0,1712
878,886,12539935,2017-12-06,200.0000,200.0000,mm,,0.0200,mm,0.0160,mm,0.0200,,1.0,1712
879,887,12539935,2017-12-06,30.0000,30.0000,mm,,0.0200,mm,0.0160,mm,0.0200,Internal measurment,1.0,1712
880,888,12539935,2017-12-06,30.0000,30.0000,mm,,0.0200,mm,0.0160,mm,0.0200,Depth measurment,1.0,1712
881,889,12539935,2016-12-28,1.0000,1.0000,mm,,0.0200,mm,0.0160,mm,0.0200,,1.0,1612
882,89,4-01,2021-05-06,22.8000,22.8010,mm,0.0010,0.0040,mm,0.0020,mm,0.0040,,1.0,2105
883,890,12539935,2016-12-28,10.0000,10.0000,mm,,0.0200,mm,0.0160,mm,0.0200,,1.0,1612
884,891,12539935,2016-12-28,30.0000,30.0000,mm,,0.0200,mm,0.0170,mm,0.0200,,1.0,1612
885,892,12539935,2016-12-28,50.0000,50.0000,mm,,0.0200,mm,0.0170,mm,0.0200,,1.0,1612
886,893,12539935,2016-12-28,100.0000,100.0000,mm,,0.0200,mm,0.0180,mm,0.0200,,1.0,1612
887,894,12539935,2016-12-28,200.0000,200.0000,mm,,0.0300,mm,0.0200,mm,0.0200,,1.0,1612
888,895,12539935,2016-12-28,30.0000,30.0000,mm,,0.0200,mm,0.0170,mm,0.0200,Internal measurment,1.0,1612
889,897,12539935,2016-12-28,30.0000,30.0000,mm,,0.0200,mm,0.0170,mm,0.0200,Depth measurment,1.0,1612
890,898,12539935,2015-10-28,1.0000,1.0000,mm,,0.0200,mm,0.0160,mm,0.0200,,1.0,1510
891,899,12539935,2015-10-28,10.0000,10.0000,mm,,0.0200,mm,0.0160,mm,0.0200,,1.0,1510
892,8d5a7b36-4b9b-4b9e-ba6c-236d21a34f52,ElroyAnakiTest2,2025-04-23,12.5500,2.5000,test,12.5000,2.5000,test,12.5000,test,2.5000,testTeltoy,1.0,ttttttfskfsft
893,8e112354-a9a1-4062-9394-0e594a01d371,ElroyAnakiTest1,2025-04-23,12.5000,2.5000,test,12.5000,2.5000,test,12.5000,test,2.5000,testTeltoy,1.0,ttttttt
894,9,413543L-25,2024-09-22,3.0000,3.0100,Nm,0.3300,6.0000,%O.R.,0.0470,Nm,6.0000,Clockwise,1.0,2409
895,90,4-01,2021-05-06,25.0000,25.0010,mm,0.0010,0.0040,mm,0.0020,mm,0.0040,,1.0,2105
896,900,12539935,2015-10-28,30.0000,30.0000,mm,,0.0200,mm,0.0170,mm,0.0200,,1.0,1510
897,901,12539935,2015-10-28,50.0000,50.0000,mm,,0.0200,mm,0.0170,mm,0.0200,,1.0,1510
898,902,12539935,2015-10-28,100.0000,100.0000,mm,,0.0200,mm,0.0180,mm,0.0200,,1.0,1510
899,903,12539935,2015-10-28,200.0000,200.0100,mm,,0.0200,mm,0.0200,mm,0.0200,,1.0,1510
900,904,12539935,2015-10-28,30.0000,30.0000,mm,,0.0200,mm,0.0170,mm,0.0200,Internal measurment,1.0,1510
901,905,12539935,2015-10-28,30.0000,30.0000,mm,,0.0200,mm,0.0170,mm,0.0200,Depth measurment,1.0,1510
902,906,12539935,2014-10-21,1.0000,1.0000,mm,,0.0200,mm,0.0160,mm,0.0200,,1.0,
903,907,12539935,2014-10-21,10.0000,10.0000,mm,,0.0200,mm,0.0160,mm,0.0200,,1.0,
904,908,12539935,2014-10-21,30.0000,30.0000,mm,,0.0200,mm,0.0170,mm,0.0200,,1.0,
905,909,12539935,2014-10-21,50.0000,50.0000,mm,,0.0200,mm,0.0170,mm,0.0200,,1.0,
906,91,4-01,2019-02-27,,,mm,,0.0040,mm,0.0020,mm,0.0040,,1.0,1902
907,910,12539935,2014-10-21,100.0000,100.0000,mm,,0.0200,mm,0.0180,mm,0.0200,,1.0,
908,911,12539935,2014-10-21,200.0000,200.0100,mm,,0.0200,mm,0.0200,mm,0.0200,,1.0,
909,912,12539935,2014-10-21,30.0000,30.0000,mm,0.0100,0.0200,mm,0.0170,mm,0.0200,Internal measurment,1.0,
910,913,12539935,2014-10-21,30.0000,30.0000,mm,,0.0200,mm,0.0170,mm,0.0200,Depth measurment,1.0,
911,914,12539935,2013-10-02,,,mm,,0.0200,mm,0.0160,mm,0.0200,,1.0,1310
912,915,12539935,2013-10-02,10.0000,9.9900,mm,-0.0100,0.0200,mm,0.0160,mm,0.0200,,1.0,1310
913,916,12539935,2013-10-02,30.0000,30.0000,mm,,0.0200,mm,0.0160,mm,0.0200,,1.0,1310
914,917,12539935,2013-10-02,50.0000,50.0000,mm,,0.0200,mm,0.0160,mm,0.0200,,1.0,1310
915,918,12539935,2013-10-02,100.0000,100.0100,mm,0.0100,0.0200,mm,0.0160,mm,0.0200,,1.0,1310
916,919,12539935,2013-10-02,200.0000,200.0200,mm,0.0200,0.0200,mm,0.0160,mm,0.0200,,1.0,1310
917,92,4-01,2019-02-27,5.1000,5.1000,mm,,0.0040,mm,0.0020,mm,0.0040,,1.0,1902
918,920,12539935,2013-10-02,20.0000,19.9900,,-0.0100,0.0200,mm,0.0160,mm,0.0200,Internal measurment,1.0,1310
919,921,12539935,2013-10-02,20.0000,20.0200,,0.0200,0.0200,mm,0.0160,mm,0.0200,Depth measurment,1.0,1310
920,922,A17036014,2024-08-21,,,mm,,0.0200,mm,0.0120,mm,0.0200,,1.0,2408
921,923,A17036014,2024-08-21,1.0000,1.0000,mm,,0.0200,mm,0.0120,mm,0.0200,,1.0,2408
922,924,A17036014,2024-08-21,10.0000,10.0000,mm,,0.0200,mm,0.0120,mm,0.0200,,1.0,2408
923,925,A17036014,2024-08-21,30.0000,30.0000,mm,,0.0200,mm,0.0120,mm,0.0200,,1.0,2408
924,926,A17036014,2024-08-21,50.0000,50.0000,mm,,0.0200,mm,0.0120,mm,0.0200,,1.0,2408
925,927,A17036014,2024-08-21,100.0000,100.0000,mm,,0.0200,mm,0.0120,mm,0.0200,,1.0,2408
926,928,A17036014,2024-08-21,150.0000,150.0100,mm,0.0100,0.0200,mm,0.0120,mm,0.0200,,1.0,2408
927,929,A17036014,2024-08-21,30.0000,29.9900,mm,-0.0100,0.0200,mm,0.0120,mm,0.0200,Internal measurment,1.0,2408
928,93,4-01,2019-02-27,7.7000,7.7000,mm,,0.0040,mm,0.0020,mm,0.0040,,1.0,1902
929,930,A17036014,2024-08-21,30.0000,30.0100,mm,0.0100,0.0200,mm,0.0120,mm,0.0200,Depth measurment,1.0,2408
930,931,A17036014,2023-07-26,,,mm,,0.0200,mm,0.0120,mm,0.0200,,1.0,2307
931,932,A17036014,2023-07-26,1.0000,1.0000,mm,,0.0200,mm,0.0120,mm,0.0200,,1.0,2307
932,933,A17036014,2023-07-26,10.0000,10.0000,mm,,0.0200,mm,0.0120,mm,0.0200,,1.0,2307
933,934,A17036014,2023-07-26,30.0000,30.0000,mm,,0.0200,mm,0.0120,mm,0.0200,,1.0,2307
934,935,A17036014,2023-07-26,50.0000,50.0000,mm,,0.0200,mm,0.0120,mm,0.0200,,1.0,2307
935,936,A17036014,2023-07-26,100.0000,100.0000,mm,,0.0200,mm,0.0120,mm,0.0200,,1.0,2307
936,937,A17036014,2023-07-26,150.0000,150.0000,mm,,0.0200,mm,0.0120,mm,0.0200,,1.0,2307
937,938,A17036014,2023-07-26,30.0000,30.0000,mm,,0.0200,mm,0.0120,mm,0.0200,Internal measurment,1.0,2307
938,939,A17036014,2023-07-26,30.0000,30.0000,mm,,0.0200,mm,0.0120,mm,0.0200,Depth measurment,1.0,2307
939,93ef4cf0-fe11-4854-872f-58d72221fc82,ElroyAnakiTest2,2025-04-23,12.5500,2.5000,test,12.5000,2.5000,test,12.5000,test,2.5000,testTeltoy,1.0,ttttttfskfsft
940,94,4-01,2019-02-27,12.9000,12.9000,mm,,0.0040,mm,0.0020,mm,0.0040,,1.0,1902
941,940,A17036014,2022-07-14,,,mm,,0.0200,mm,0.0120,mm,0.0200,,1.0,2207
942,941,A17036014,2022-07-14,1.0000,1.0000,mm,,0.0200,mm,0.0120,mm,0.0200,,1.0,2207
943,942,A17036014,2022-07-14,10.0000,10.0000,mm,,0.0200,mm,0.0120,mm,0.0200,,1.0,2207
944,943,A17036014,2022-07-14,30.0000,30.0000,mm,,0.0200,mm,0.0120,mm,0.0200,,1.0,2207
945,944,A17036014,2022-07-14,50.0000,50.0000,mm,,0.0200,mm,0.0120,mm,0.0200,,1.0,2207
946,945,A17036014,2022-07-14,100.0000,100.0000,mm,,0.0200,mm,0.0120,mm,0.0200,,1.0,2207
947,946,A17036014,2022-07-14,150.0000,150.0000,mm,,0.0200,mm,0.0120,mm,0.0200,,1.0,2207
948,947,A17036014,2022-07-14,30.0000,30.0000,mm,,0.0200,mm,0.0120,mm,0.0200,Internal measurment,1.0,2207
949,948,A17036014,2022-07-14,30.0000,30.0000,mm,,0.0200,mm,0.0120,mm,0.0200,Depth measurment,1.0,2207
950,949,A17036014,2021-08-31,,,mm,,0.0200,mm,0.0120,mm,0.0200,,1.0,2108
951,95,4-01,2019-02-27,22.8000,22.8000,mm,,0.0040,mm,0.0020,mm,0.0040,,1.0,1902
952,950,A17036014,2021-08-31,1.0000,1.0000,mm,,0.0200,mm,0.0120,mm,0.0200,,1.0,2108
953,951,A17036014,2021-08-31,10.0000,10.0000,mm,,0.0200,mm,0.0120,mm,0.0200,,1.0,2108
954,952,A17036014,2021-08-31,30.0000,30.0000,mm,,0.0200,mm,0.0120,mm,0.0200,,1.0,2108
955,953,A17036014,2021-08-31,50.0000,50.0000,mm,,0.0200,mm,0.0120,mm,0.0200,,1.0,2108
956,954,A17036014,2021-08-31,100.0000,100.0000,mm,,0.0200,mm,0.0120,mm,0.0200,,1.0,2108
957,955,A17036014,2021-08-31,150.0000,150.0100,mm,0.0100,0.0200,mm,0.0120,mm,0.0200,,1.0,2108
958,956,A17036014,2021-08-31,30.0000,30.0000,mm,,0.0200,mm,0.0120,mm,0.0200,Internal measurment,1.0,2108
959,957,A17036014,2021-08-31,30.0000,30.0100,mm,0.0100,0.0200,mm,0.0120,mm,0.0200,Depth measurment,1.0,2108
960,958,A17036014,2020-06-21,1.0000,0.9900,mm,-0.0100,0.0200,mm,0.0120,mm,0.0200,,1.0,2006
961,959,A17036014,2020-06-21,10.0000,10.0000,mm,,0.0200,mm,0.0120,mm,0.0200,,1.0,2006
962,96,4-01,2019-02-27,25.0000,25.0000,mm,,0.0040,mm,0.0020,mm,0.0040,,1.0,1902
963,960,A17036014,2020-06-21,30.0000,30.0000,mm,,0.0200,mm,0.0120,mm,0.0200,,1.0,2006
964,961,A17036014,2020-06-21,50.0000,50.0000,mm,,0.0200,mm,0.0120,mm,0.0200,,1.0,2006
965,962,A17036014,2020-06-21,100.0000,100.0000,mm,,0.0200,mm,0.0120,mm,0.0200,,1.0,2006
966,963,A17036014,2020-06-21,150.0000,150.0000,mm,,0.0200,mm,0.0120,mm,0.0200,,1.0,2006
967,964,A17036014,2020-06-21,30.0000,29.9900,mm,-0.0100,0.0200,mm,0.0120,mm,0.0200,Internal measurment,1.0,2006
968,965,A17036014,2020-06-21,30.0000,30.0100,mm,0.0100,0.0200,mm,0.0120,mm,0.0200,Depth measurment,1.0,2006
969,97,4-01,2017-01-19,,,mm,,0.0040,mm,0.0020,mm,0.0040,,1.0,1701
970,98,4-01,2017-01-19,5.1000,5.1010,mm,0.0010,0.0040,mm,0.0020,mm,0.0040,,1.0,1701
971,99,4-01,2017-01-19,7.7000,7.7010,mm,0.0010,0.0040,mm,0.0020,mm,0.0040,,1.0,1701
972,a48aeb64-aa88-4be4-8987-82efe559b157,,2025-04-23,12.5000,2.5000,test,12.5000,2.5000,test,12.5000,test,2.5000,testTeltoy,1.0,testtttttt
973,a5e047cc-6a93-42fb-9880-305c59b14c2c,,2025-04-22,12.5000,78.0000,mm,11.2000,5.4000,mm,9.7000,mm,1.0000,test yonit,1.0,test
974,a751cf51-3902-4642-9bcf-d02a7d895020,ElroyAnakiTest2,,,,,,,,,,,,,
975,b7882491-304d-4b86-93e3-f37bba911af4,ElroyAnakiTest1,,,,,,,,,,,,,
976,f1d3d5ca-be0d-43d9-b30c-302db2c11f36,ElroyAnakiTest1,,,,,,,,,,,,,
977,f665e091-9e8a-48fa-b9ff-f758b5e736e8,ElroyAnakiTest4,2025-04-30,55.1000,17.4000,sm,12.5000,78.4000,sm,789.0500,sm,12.5000,test,0.0,test1000
978,fa3372c2-bacd-4f40-9f1e-31d89e239ded,ElroyAnakiTest2,2025-04-23,12.5500,2.5000,test,12.5000,2.5000,test,12.5000,test,2.5000,testTeltoy,1.0,1111
